,FileName,Label,ClassName
0,C:\Users\nivmizrahi\PycharmProjects\PRO\books\Albert Bigelow Paine\Albert+Bigelow+Paine-2983-2983.Txt,0,Albert Bigelow Paine
1,C:\Users\nivmizrahi\PycharmProjects\PRO\books\Albert Bigelow Paine\Albert+Bigelow+Paine-2985-2985.Txt,0,Albert Bigelow Paine
2,C:\Users\nivmizrahi\PycharmProjects\PRO\books\Albert Bigelow Paine\Albert+Bigelow+Paine-2988-2988.Txt,0,Albert Bigelow Paine
3,C:\Users\nivmizrahi\PycharmProjects\PRO\books\Albert Bigelow Paine\Albert+Bigelow+Paine-3463-3463.Txt,0,Albert Bigelow Paine
4,C:\Users\nivmizrahi\PycharmProjects\PRO\books\Andre Norton\Andre+Norton-18458-18458-8.Txt,1,Andre Norton
5,C:\Users\nivmizrahi\PycharmProjects\PRO\books\Andre Norton\Andre+Norton-19145-19145.Txt,1,Andre Norton
6,C:\Users\nivmizrahi\PycharmProjects\PRO\books\Andre Norton\Andre+Norton-20788-20788-8.Txt,1,Andre Norton
7,C:\Users\nivmizrahi\PycharmProjects\PRO\books\Andre Norton\Andre+Norton-20840-20840-8.Txt,1,Andre Norton
8,C:\Users\nivmizrahi\PycharmProjects\PRO\books\Andre Norton\Andre+Norton-23624-23624-8.Txt,1,Andre Norton
9,C:\Users\nivmizrahi\PycharmProjects\PRO\books\Andrew Lang\Andrew+Lang-28096-28096-8.Txt,2,Andrew Lang
10,C:\Users\nivmizrahi\PycharmProjects\PRO\books\Andrew Lang\Andrew+Lang-5127-Sbun10.Txt,2,Andrew Lang
11,C:\Users\nivmizrahi\PycharmProjects\PRO\books\Andrew Lang\Andrew+Lang-5615-5615-8.Txt,2,Andrew Lang
12,C:\Users\nivmizrahi\PycharmProjects\PRO\books\Angela Brazil\Angela+Brazil-18019-18019-8.Txt,3,Angela Brazil
13,C:\Users\nivmizrahi\PycharmProjects\PRO\books\Angela Brazil\Angela+Brazil-18505-18505-8.Txt,3,Angela Brazil
14,C:\Users\nivmizrahi\PycharmProjects\PRO\books\Angela Brazil\Angela+Brazil-20163-20163-8.Txt,3,Angela Brazil
15,C:\Users\nivmizrahi\PycharmProjects\PRO\books\Angela Brazil\Angela+Brazil-20730-20730-8.Txt,3,Angela Brazil
16,C:\Users\nivmizrahi\PycharmProjects\PRO\books\Angela Brazil\Angela+Brazil-21687-21687-8.Txt,3,Angela Brazil
17,C:\Users\nivmizrahi\PycharmProjects\PRO\books\Angela Brazil\Angela+Brazil-24645-24645-8.Txt,3,Angela Brazil
18,C:\Users\nivmizrahi\PycharmProjects\PRO\books\Angela Brazil\Angela+Brazil-25145-25145-8.Txt,3,Angela Brazil
19,C:\Users\nivmizrahi\PycharmProjects\PRO\books\Angela Brazil\Angela+Brazil-28854-28854-8.Txt,3,Angela Brazil
20,C:\Users\nivmizrahi\PycharmProjects\PRO\books\Anna Katharine Green\Anna+Katharine+Green-10083-10083.Txt,4,Anna Katharine Green
21,C:\Users\nivmizrahi\PycharmProjects\PRO\books\Anna Katharine Green\Anna+Katharine+Green-17763-17763-8.Txt,4,Anna Katharine Green
22,C:\Users\nivmizrahi\PycharmProjects\PRO\books\Anna Katharine Green\Anna+Katharine+Green-1857-1857.Txt,4,Anna Katharine Green
23,C:\Users\nivmizrahi\PycharmProjects\PRO\books\Anna Katharine Green\Anna+Katharine+Green-21617-21617-8.Txt,4,Anna Katharine Green
24,C:\Users\nivmizrahi\PycharmProjects\PRO\books\Anna Katharine Green\Anna+Katharine+Green-21904-21904-8.Txt,4,Anna Katharine Green
25,C:\Users\nivmizrahi\PycharmProjects\PRO\books\Anthony Trollope\Anthony+Trollope-11643-11643-8.Txt,5,Anthony Trollope
26,C:\Users\nivmizrahi\PycharmProjects\PRO\books\Anthony Trollope\Anthony+Trollope-12234-12234-8.Txt,5,Anthony Trollope
27,C:\Users\nivmizrahi\PycharmProjects\PRO\books\Anthony Trollope\Anthony+Trollope-18000-18000-8.Txt,5,Anthony Trollope
28,C:\Users\nivmizrahi\PycharmProjects\PRO\books\Anthony Trollope\Anthony+Trollope-18640-18640-8.Txt,5,Anthony Trollope
29,C:\Users\nivmizrahi\PycharmProjects\PRO\books\Anthony Trollope\Anthony+Trollope-19500-19500-8.Txt,5,Anthony Trollope
30,C:\Users\nivmizrahi\PycharmProjects\PRO\books\Anthony Trollope\Anthony+Trollope-2158-2158-8.Txt,5,Anthony Trollope
31,C:\Users\nivmizrahi\PycharmProjects\PRO\books\Anthony Trollope\Anthony+Trollope-22000-22000-8.Txt,5,Anthony Trollope
32,C:\Users\nivmizrahi\PycharmProjects\PRO\books\Anthony Trollope\Anthony+Trollope-23000-23000-8.Txt,5,Anthony Trollope
33,C:\Users\nivmizrahi\PycharmProjects\PRO\books\Anthony Trollope\Anthony+Trollope-24000-24000-8.Txt,5,Anthony Trollope
34,C:\Users\nivmizrahi\PycharmProjects\PRO\books\Anthony Trollope\Anthony+Trollope-25579-25579-8.Txt,5,Anthony Trollope
35,C:\Users\nivmizrahi\PycharmProjects\PRO\books\Anthony Trollope\Anthony+Trollope-26002-26002-8.Txt,5,Anthony Trollope
36,C:\Users\nivmizrahi\PycharmProjects\PRO\books\Anthony Trollope\Anthony+Trollope-27533-27533-8.Txt,5,Anthony Trollope
37,C:\Users\nivmizrahi\PycharmProjects\PRO\books\Anthony Trollope\Anthony+Trollope-27712-27712-8.Txt,5,Anthony Trollope
38,C:\Users\nivmizrahi\PycharmProjects\PRO\books\Anthony Trollope\Anthony+Trollope-2860-2860-8.Txt,5,Anthony Trollope
39,C:\Users\nivmizrahi\PycharmProjects\PRO\books\Anthony Trollope\Anthony+Trollope-28676-28676-8.Txt,5,Anthony Trollope
40,C:\Users\nivmizrahi\PycharmProjects\PRO\books\Anthony Trollope\Anthony+Trollope-29000-29000-8.Txt,5,Anthony Trollope
41,C:\Users\nivmizrahi\PycharmProjects\PRO\books\Anthony Trollope\Anthony+Trollope-29828-29828-8.Txt,5,Anthony Trollope
42,C:\Users\nivmizrahi\PycharmProjects\PRO\books\Anthony Trollope\Anthony+Trollope-3045-3045-8.Txt,5,Anthony Trollope
43,C:\Users\nivmizrahi\PycharmProjects\PRO\books\Anthony Trollope\Anthony+Trollope-30606-30606-8.Txt,5,Anthony Trollope
44,C:\Users\nivmizrahi\PycharmProjects\PRO\books\Anthony Trollope\Anthony+Trollope-3166-3166-8.Txt,5,Anthony Trollope
45,C:\Users\nivmizrahi\PycharmProjects\PRO\books\Anthony Trollope\Anthony+Trollope-3409-3409-8.Txt,5,Anthony Trollope
46,C:\Users\nivmizrahi\PycharmProjects\PRO\books\Anthony Trollope\Anthony+Trollope-4599-4599-8.Txt,5,Anthony Trollope
47,C:\Users\nivmizrahi\PycharmProjects\PRO\books\Anthony Trollope\Anthony+Trollope-4969-4969.Txt,5,Anthony Trollope
48,C:\Users\nivmizrahi\PycharmProjects\PRO\books\Anthony Trollope\Anthony+Trollope-5118-Mrcsn10.Txt,5,Anthony Trollope
49,C:\Users\nivmizrahi\PycharmProjects\PRO\books\Anthony Trollope\Anthony+Trollope-5140-5140-8.Txt,5,Anthony Trollope
50,C:\Users\nivmizrahi\PycharmProjects\PRO\books\Anthony Trollope\Anthony+Trollope-5897-Cslrc10.Txt,5,Anthony Trollope
51,C:\Users\nivmizrahi\PycharmProjects\PRO\books\Anthony Trollope\Anthony+Trollope-5978-8Auto10.Txt,5,Anthony Trollope
52,C:\Users\nivmizrahi\PycharmProjects\PRO\books\Anton Pavlovich Chekhov\Anton+Pavlovich+Chekhov-13409-13409-8.Txt,6,Anton Pavlovich Chekhov
53,C:\Users\nivmizrahi\PycharmProjects\PRO\books\Anton Pavlovich Chekhov\Anton+Pavlovich+Chekhov-13415-13415-8.Txt,6,Anton Pavlovich Chekhov
54,C:\Users\nivmizrahi\PycharmProjects\PRO\books\Anton Pavlovich Chekhov\Anton+Pavlovich+Chekhov-13416-13416-8.Txt,6,Anton Pavlovich Chekhov
55,C:\Users\nivmizrahi\PycharmProjects\PRO\books\Anton Pavlovich Chekhov\Anton+Pavlovich+Chekhov-13418-13418-8.Txt,6,Anton Pavlovich Chekhov
56,C:\Users\nivmizrahi\PycharmProjects\PRO\books\Anton Pavlovich Chekhov\Anton+Pavlovich+Chekhov-13505-13505-8.Txt,6,Anton Pavlovich Chekhov
57,C:\Users\nivmizrahi\PycharmProjects\PRO\books\Anton Pavlovich Chekhov\Anton+Pavlovich+Chekhov-1732-1732.Txt,6,Anton Pavlovich Chekhov
58,C:\Users\nivmizrahi\PycharmProjects\PRO\books\Anton Pavlovich Chekhov\Anton+Pavlovich+Chekhov-1883-1883.Txt,6,Anton Pavlovich Chekhov
59,C:\Users\nivmizrahi\PycharmProjects\PRO\books\Arnold Bennett\Arnold+Bennett-10658-10658-10658.Txt,7,Arnold Bennett
60,C:\Users\nivmizrahi\PycharmProjects\PRO\books\Arnold Bennett\Arnold+Bennett-12673-12673-8.Txt,7,Arnold Bennett
61,C:\Users\nivmizrahi\PycharmProjects\PRO\books\Arnold Bennett\Arnold+Bennett-12986-12986-8.Txt,7,Arnold Bennett
62,C:\Users\nivmizrahi\PycharmProjects\PRO\books\Arnold Bennett\Arnold+Bennett-12995-12995-8.Txt,7,Arnold Bennett
63,C:\Users\nivmizrahi\PycharmProjects\PRO\books\Arnold Bennett\Arnold+Bennett-21249-21249.Txt,7,Arnold Bennett
64,C:\Users\nivmizrahi\PycharmProjects\PRO\books\Arnold Bennett\Arnold+Bennett-5247-Thldw10.Txt,7,Arnold Bennett
65,C:\Users\nivmizrahi\PycharmProjects\PRO\books\Arthur Conan Doyle\Arthur+Conan+Doyle-11247-11247-8.Txt,8,Arthur Conan Doyle
66,C:\Users\nivmizrahi\PycharmProjects\PRO\books\Arthur Conan Doyle\Arthur+Conan+Doyle-13152-13152.Txt,8,Arthur Conan Doyle
67,C:\Users\nivmizrahi\PycharmProjects\PRO\books\Arthur Conan Doyle\Arthur+Conan+Doyle-5148-Rdst10.Txt,8,Arthur Conan Doyle
68,C:\Users\nivmizrahi\PycharmProjects\PRO\books\B M Bower\B+M+Bower-12663-12663-8.Txt,9,B M Bower
69,C:\Users\nivmizrahi\PycharmProjects\PRO\books\B M Bower\B+M+Bower-1299-1299.Txt,9,B M Bower
70,C:\Users\nivmizrahi\PycharmProjects\PRO\books\B M Bower\B+M+Bower-15625-15625.Txt,9,B M Bower
71,C:\Users\nivmizrahi\PycharmProjects\PRO\books\B M Bower\B+M+Bower-1723-1723.Txt,9,B M Bower
72,C:\Users\nivmizrahi\PycharmProjects\PRO\books\B M Bower\B+M+Bower-1740-1740.Txt,9,B M Bower
73,C:\Users\nivmizrahi\PycharmProjects\PRO\books\B M Bower\B+M+Bower-29580-29580-8.Txt,9,B M Bower
74,C:\Users\nivmizrahi\PycharmProjects\PRO\books\Benjamin Disraeli\Benjamin+Disraeli-20002-20002-8.Txt,10,Benjamin Disraeli
75,C:\Users\nivmizrahi\PycharmProjects\PRO\books\Benjamin Disraeli\Benjamin+Disraeli-20004-20004-8.Txt,10,Benjamin Disraeli
76,C:\Users\nivmizrahi\PycharmProjects\PRO\books\Benjamin Disraeli\Benjamin+Disraeli-3760-Sybil10.Txt,10,Benjamin Disraeli
77,C:\Users\nivmizrahi\PycharmProjects\PRO\books\Bernard Shaw\Bernard+Shaw-11354-11354.Txt,11,Bernard Shaw
78,C:\Users\nivmizrahi\PycharmProjects\PRO\books\Bernard Shaw\Bernard+Shaw-13084-13084-8.Txt,11,Bernard Shaw
79,C:\Users\nivmizrahi\PycharmProjects\PRO\books\Bernard Shaw\Bernard+Shaw-1654-1654.Txt,11,Bernard Shaw
80,C:\Users\nivmizrahi\PycharmProjects\PRO\books\Bernard Shaw\Bernard+Shaw-3328-3328.Txt,11,Bernard Shaw
81,C:\Users\nivmizrahi\PycharmProjects\PRO\books\Bernard Shaw\Bernard+Shaw-5872-Cshbp10.Txt,11,Bernard Shaw
82,C:\Users\nivmizrahi\PycharmProjects\PRO\books\Charles Darwin\Charles+Darwin-2300-Dscmn10.Txt,12,Charles Darwin
83,C:\Users\nivmizrahi\PycharmProjects\PRO\books\Charles Darwin\Charles+Darwin-2355-Vgmld10.Txt,12,Charles Darwin
84,C:\Users\nivmizrahi\PycharmProjects\PRO\books\Charles Darwin\Charles+Darwin-3704-3704-8.Txt,12,Charles Darwin
85,C:\Users\nivmizrahi\PycharmProjects\PRO\books\Charles Kingsley\Charles+Kingsley-1018-Wtrbs10.Txt,13,Charles Kingsley
86,C:\Users\nivmizrahi\PycharmProjects\PRO\books\Charles Kingsley\Charles+Kingsley-10364-10364.Txt,13,Charles Kingsley
87,C:\Users\nivmizrahi\PycharmProjects\PRO\books\Charles Kingsley\Charles+Kingsley-10995-10995.Txt,13,Charles Kingsley
88,C:\Users\nivmizrahi\PycharmProjects\PRO\books\Charles Kingsley\Charles+Kingsley-11381-11381.Txt,13,Charles Kingsley
89,C:\Users\nivmizrahi\PycharmProjects\PRO\books\Charles Kingsley\Charles+Kingsley-1697-1697.Txt,13,Charles Kingsley
90,C:\Users\nivmizrahi\PycharmProjects\PRO\books\Charles Kingsley\Charles+Kingsley-1860-1860.Txt,13,Charles Kingsley
91,C:\Users\nivmizrahi\PycharmProjects\PRO\books\Charles Kingsley\Charles+Kingsley-20138-20138.Txt,13,Charles Kingsley
92,C:\Users\nivmizrahi\PycharmProjects\PRO\books\Charles Kingsley\Charles+Kingsley-25564-25564-8.Txt,13,Charles Kingsley
93,C:\Users\nivmizrahi\PycharmProjects\PRO\books\Charlotte Mary Yonge\Charlotte+Mary+Yonge-2505-2505-8.Txt,14,Charlotte Mary Yonge
94,C:\Users\nivmizrahi\PycharmProjects\PRO\books\Charlotte Mary Yonge\Charlotte+Mary+Yonge-2942-2942.Txt,14,Charlotte Mary Yonge
95,C:\Users\nivmizrahi\PycharmProjects\PRO\books\Charlotte Mary Yonge\Charlotte+Mary+Yonge-3139-Dvegn10.Txt,14,Charlotte Mary Yonge
96,C:\Users\nivmizrahi\PycharmProjects\PRO\books\Charlotte Mary Yonge\Charlotte+Mary+Yonge-3259-Cntkt10.Txt,14,Charlotte Mary Yonge
97,C:\Users\nivmizrahi\PycharmProjects\PRO\books\Charlotte Mary Yonge\Charlotte+Mary+Yonge-3292-3292-8.Txt,14,Charlotte Mary Yonge
98,C:\Users\nivmizrahi\PycharmProjects\PRO\books\Charlotte Mary Yonge\Charlotte+Mary+Yonge-4296-4296.Txt,14,Charlotte Mary Yonge
99,C:\Users\nivmizrahi\PycharmProjects\PRO\books\Charlotte Mary Yonge\Charlotte+Mary+Yonge-4596-4596.Txt,14,Charlotte Mary Yonge
100,C:\Users\nivmizrahi\PycharmProjects\PRO\books\Charlotte Mary Yonge\Charlotte+Mary+Yonge-5156-Brock10.Txt,14,Charlotte Mary Yonge
101,C:\Users\nivmizrahi\PycharmProjects\PRO\books\Charlotte Mary Yonge\Charlotte+Mary+Yonge-5708-Stprl10.Txt,14,Charlotte Mary Yonge
102,C:\Users\nivmizrahi\PycharmProjects\PRO\books\Charlotte Mary Yonge\Charlotte+Mary+Yonge-6007-Twsss10.Txt,14,Charlotte Mary Yonge
103,C:\Users\nivmizrahi\PycharmProjects\PRO\books\Daniel Defoe\Daniel+Defoe-11239-11239.Txt,15,Daniel Defoe
104,C:\Users\nivmizrahi\PycharmProjects\PRO\books\Daniel Defoe\Daniel+Defoe-11866-11866.Txt,15,Daniel Defoe
105,C:\Users\nivmizrahi\PycharmProjects\PRO\books\Daniel Defoe\Daniel+Defoe-12259-12259.Txt,15,Daniel Defoe
106,C:\Users\nivmizrahi\PycharmProjects\PRO\books\Daniel Defoe\Daniel+Defoe-14444-14444-8.Txt,15,Daniel Defoe
107,C:\Users\nivmizrahi\PycharmProjects\PRO\books\Daniel Defoe\Daniel+Defoe-30344-30344-8.Txt,15,Daniel Defoe
108,C:\Users\nivmizrahi\PycharmProjects\PRO\books\David Hume\David+Hume-19212-19212-8.Txt,16,David Hume
109,C:\Users\nivmizrahi\PycharmProjects\PRO\books\David Hume\David+Hume-19216-19216-8.Txt,16,David Hume
110,C:\Users\nivmizrahi\PycharmProjects\PRO\books\David Hume\David+Hume-4705-Trthn10.Txt,16,David Hume
111,C:\Users\nivmizrahi\PycharmProjects\PRO\books\E E Smith\E+E+Smith-20782-20782.Txt,17,E E Smith
112,C:\Users\nivmizrahi\PycharmProjects\PRO\books\E E Smith\E+E+Smith-20857-20857-8.Txt,17,E E Smith
113,C:\Users\nivmizrahi\PycharmProjects\PRO\books\E E Smith\E+E+Smith-20898-20898.Txt,17,E E Smith
114,C:\Users\nivmizrahi\PycharmProjects\PRO\books\E Phillips Oppenheim\E+Phillips+Oppenheim-10371-10371-10371.Txt,18,E Phillips Oppenheim
115,C:\Users\nivmizrahi\PycharmProjects\PRO\books\E Phillips Oppenheim\E+Phillips+Oppenheim-10534-10534.Txt,18,E Phillips Oppenheim
116,C:\Users\nivmizrahi\PycharmProjects\PRO\books\E Phillips Oppenheim\E+Phillips+Oppenheim-1447-1447.Txt,18,E Phillips Oppenheim
117,C:\Users\nivmizrahi\PycharmProjects\PRO\books\E Phillips Oppenheim\E+Phillips+Oppenheim-15893-15893-8.Txt,18,E Phillips Oppenheim
118,C:\Users\nivmizrahi\PycharmProjects\PRO\books\E Phillips Oppenheim\E+Phillips+Oppenheim-1878-1878.Txt,18,E Phillips Oppenheim
119,C:\Users\nivmizrahi\PycharmProjects\PRO\books\E Phillips Oppenheim\E+Phillips+Oppenheim-5743-5743-8.Txt,18,E Phillips Oppenheim
120,C:\Users\nivmizrahi\PycharmProjects\PRO\books\E Phillips Oppenheim\E+Phillips+Oppenheim-5815-5815.Txt,18,E Phillips Oppenheim
121,C:\Users\nivmizrahi\PycharmProjects\PRO\books\Edgar Allan Poe\Edgar+Allan+Poe-10031-10031-8.Txt,19,Edgar Allan Poe
122,C:\Users\nivmizrahi\PycharmProjects\PRO\books\Edgar Allan Poe\Edgar+Allan+Poe-2147-2147-8.Txt,19,Edgar Allan Poe
123,C:\Users\nivmizrahi\PycharmProjects\PRO\books\Edgar Allan Poe\Edgar+Allan+Poe-2148-2148-8.Txt,19,Edgar Allan Poe
124,C:\Users\nivmizrahi\PycharmProjects\PRO\books\Edgar Allan Poe\Edgar+Allan+Poe-2149-2149-8.Txt,19,Edgar Allan Poe
125,C:\Users\nivmizrahi\PycharmProjects\PRO\books\Edgar Wallace\Edgar+Wallace-20912-20912-8.Txt,20,Edgar Wallace
126,C:\Users\nivmizrahi\PycharmProjects\PRO\books\Edgar Wallace\Edgar+Wallace-24767-24767-8.Txt,20,Edgar Wallace
127,C:\Users\nivmizrahi\PycharmProjects\PRO\books\Edgar Wallace\Edgar+Wallace-27525-27525-8.Txt,20,Edgar Wallace
128,C:\Users\nivmizrahi\PycharmProjects\PRO\books\Edith Wharton\Edith+Wharton-11052-11052.Txt,21,Edith Wharton
129,C:\Users\nivmizrahi\PycharmProjects\PRO\books\Edith Wharton\Edith+Wharton-1263-1263.Txt,21,Edith Wharton
130,C:\Users\nivmizrahi\PycharmProjects\PRO\books\Edith Wharton\Edith+Wharton-4514-Tlmgh10.Txt,21,Edith Wharton
131,C:\Users\nivmizrahi\PycharmProjects\PRO\books\Edith Wharton\Edith+Wharton-4519-4519.Txt,21,Edith Wharton
132,C:\Users\nivmizrahi\PycharmProjects\PRO\books\Edna Ferber\Edna+Ferber-11395-11395.Txt,22,Edna Ferber
133,C:\Users\nivmizrahi\PycharmProjects\PRO\books\Edna Ferber\Edna+Ferber-14714-14714-8.Txt,22,Edna Ferber
134,C:\Users\nivmizrahi\PycharmProjects\PRO\books\Edna Ferber\Edna+Ferber-1602-1602.Txt,22,Edna Ferber
135,C:\Users\nivmizrahi\PycharmProjects\PRO\books\Edward Bulwer Lytton Lytton\Edward+Bulwer+Lytton+Lytton-1396-1396.Txt,23,Edward Bulwer Lytton Lytton
136,C:\Users\nivmizrahi\PycharmProjects\PRO\books\Edward Bulwer Lytton Lytton\Edward+Bulwer+Lytton+Lytton-1565-1565.Txt,23,Edward Bulwer Lytton Lytton
137,C:\Users\nivmizrahi\PycharmProjects\PRO\books\Edward Bulwer Lytton Lytton\Edward+Bulwer+Lytton+Lytton-2664-2664.Txt,23,Edward Bulwer Lytton Lytton
138,C:\Users\nivmizrahi\PycharmProjects\PRO\books\Elinor Glyn\Elinor+Glyn-11624-11624.Txt,24,Elinor Glyn
139,C:\Users\nivmizrahi\PycharmProjects\PRO\books\Elinor Glyn\Elinor+Glyn-13530-13530-8.Txt,24,Elinor Glyn
140,C:\Users\nivmizrahi\PycharmProjects\PRO\books\Elinor Glyn\Elinor+Glyn-16692-16692-8.Txt,24,Elinor Glyn
141,C:\Users\nivmizrahi\PycharmProjects\PRO\books\Elinor Glyn\Elinor+Glyn-20512-20512-8.Txt,24,Elinor Glyn
142,C:\Users\nivmizrahi\PycharmProjects\PRO\books\Elizabeth\Elizabeth-14646-14646-8.Txt,25,Elizabeth
143,C:\Users\nivmizrahi\PycharmProjects\PRO\books\Elizabeth\Elizabeth-16389-16389-8.Txt,25,Elizabeth
144,C:\Users\nivmizrahi\PycharmProjects\PRO\books\Elizabeth\Elizabeth-30302-30302-8.Txt,25,Elizabeth
145,C:\Users\nivmizrahi\PycharmProjects\PRO\books\Elizabeth Cleghorn Gaskell\Elizabeth+Cleghorn+Gaskell-24879-24879-8.Txt,26,Elizabeth Cleghorn Gaskell
146,C:\Users\nivmizrahi\PycharmProjects\PRO\books\Elizabeth Cleghorn Gaskell\Elizabeth+Cleghorn+Gaskell-2524-2524.Txt,26,Elizabeth Cleghorn Gaskell
147,C:\Users\nivmizrahi\PycharmProjects\PRO\books\Elizabeth Cleghorn Gaskell\Elizabeth+Cleghorn+Gaskell-4274-Wived11.Txt,26,Elizabeth Cleghorn Gaskell
148,C:\Users\nivmizrahi\PycharmProjects\PRO\books\Elizabeth Cleghorn Gaskell\Elizabeth+Cleghorn+Gaskell-4276-Ecgns10.Txt,26,Elizabeth Cleghorn Gaskell
149,C:\Users\nivmizrahi\PycharmProjects\PRO\books\Elizabeth Cleghorn Gaskell\Elizabeth+Cleghorn+Gaskell-4534-4534.Txt,26,Elizabeth Cleghorn Gaskell
150,C:\Users\nivmizrahi\PycharmProjects\PRO\books\Elizabeth Cleghorn Gaskell\Elizabeth+Cleghorn+Gaskell-4537-4537.Txt,26,Elizabeth Cleghorn Gaskell
151,C:\Users\nivmizrahi\PycharmProjects\PRO\books\Emerson Hough\Emerson+Hough-13384-13384-8.Txt,27,Emerson Hough
152,C:\Users\nivmizrahi\PycharmProjects\PRO\books\Emerson Hough\Emerson+Hough-14355-14355-8.Txt,27,Emerson Hough
153,C:\Users\nivmizrahi\PycharmProjects\PRO\books\Emerson Hough\Emerson+Hough-26367-26367-8.Txt,27,Emerson Hough
154,C:\Users\nivmizrahi\PycharmProjects\PRO\books\Emile Gaboriau\Emile+Gaboriau-2736-2736-8.Txt,28,Emile Gaboriau
155,C:\Users\nivmizrahi\PycharmProjects\PRO\books\Emile Gaboriau\Emile+Gaboriau-3336-3336-8.Txt,28,Emile Gaboriau
156,C:\Users\nivmizrahi\PycharmProjects\PRO\books\Emile Gaboriau\Emile+Gaboriau-3802-3802.Txt,28,Emile Gaboriau
157,C:\Users\nivmizrahi\PycharmProjects\PRO\books\Emile Gaboriau\Emile+Gaboriau-3803-3803.Txt,28,Emile Gaboriau
158,C:\Users\nivmizrahi\PycharmProjects\PRO\books\Emile Gaboriau\Emile+Gaboriau-4002-4002.Txt,28,Emile Gaboriau
159,C:\Users\nivmizrahi\PycharmProjects\PRO\books\Emile Gaboriau\Emile+Gaboriau-4604-4604.Txt,28,Emile Gaboriau
160,C:\Users\nivmizrahi\PycharmProjects\PRO\books\Emile Zola\Emile+Zola-10330-10330.Txt,29,Emile Zola
161,C:\Users\nivmizrahi\PycharmProjects\PRO\books\Emile Zola\Emile+Zola-1069-1069.Txt,29,Emile Zola
162,C:\Users\nivmizrahi\PycharmProjects\PRO\books\Emile Zola\Emile+Zola-13695-13695.Txt,29,Emile Zola
163,C:\Users\nivmizrahi\PycharmProjects\PRO\books\Emile Zola\Emile+Zola-14200-14200.Txt,29,Emile Zola
164,C:\Users\nivmizrahi\PycharmProjects\PRO\books\Emile Zola\Emile+Zola-15900-15900.Txt,29,Emile Zola
165,C:\Users\nivmizrahi\PycharmProjects\PRO\books\Emile Zola\Emile+Zola-5135-5135-8.Txt,29,Emile Zola
166,C:\Users\nivmizrahi\PycharmProjects\PRO\books\Emile Zola\Emile+Zola-5744-5744-8.Txt,29,Emile Zola
167,C:\Users\nivmizrahi\PycharmProjects\PRO\books\Emily Sarah Holt\Emily+Sarah+Holt-21235-21235.Txt,30,Emily Sarah Holt
168,C:\Users\nivmizrahi\PycharmProjects\PRO\books\Emily Sarah Holt\Emily+Sarah+Holt-22942-22942-8.Txt,30,Emily Sarah Holt
169,C:\Users\nivmizrahi\PycharmProjects\PRO\books\Emily Sarah Holt\Emily+Sarah+Holt-23623-23623.Txt,30,Emily Sarah Holt
170,C:\Users\nivmizrahi\PycharmProjects\PRO\books\Emily Sarah Holt\Emily+Sarah+Holt-23766-23766.Txt,30,Emily Sarah Holt
171,C:\Users\nivmizrahi\PycharmProjects\PRO\books\Emily Sarah Holt\Emily+Sarah+Holt-27958-27958.Txt,30,Emily Sarah Holt
172,C:\Users\nivmizrahi\PycharmProjects\PRO\books\Emily Sarah Holt\Emily+Sarah+Holt-28040-28040.Txt,30,Emily Sarah Holt
173,C:\Users\nivmizrahi\PycharmProjects\PRO\books\Emma Dorothy Eliza Nevitte Southworth\Emma+Dorothy+Eliza+Nevitte+Southworth-14382-14382-8.Txt,31,Emma Dorothy Eliza Nevitte Southworth
174,C:\Users\nivmizrahi\PycharmProjects\PRO\books\Emma Dorothy Eliza Nevitte Southworth\Emma+Dorothy+Eliza+Nevitte+Southworth-16039-16039-8.Txt,31,Emma Dorothy Eliza Nevitte Southworth
175,C:\Users\nivmizrahi\PycharmProjects\PRO\books\Emma Dorothy Eliza Nevitte Southworth\Emma+Dorothy+Eliza+Nevitte+Southworth-3792-3792.Txt,31,Emma Dorothy Eliza Nevitte Southworth
176,C:\Users\nivmizrahi\PycharmProjects\PRO\books\Emmuska Orczy Orczy\Emmuska+Orczy+Orczy-10556-10556-10556.Txt,32,Emmuska Orczy Orczy
177,C:\Users\nivmizrahi\PycharmProjects\PRO\books\Emmuska Orczy Orczy\Emmuska+Orczy+Orczy-12175-12175-8.Txt,32,Emmuska Orczy Orczy
178,C:\Users\nivmizrahi\PycharmProjects\PRO\books\Emmuska Orczy Orczy\Emmuska+Orczy+Orczy-25955-25955-8.Txt,32,Emmuska Orczy Orczy
179,C:\Users\nivmizrahi\PycharmProjects\PRO\books\Emmuska Orczy Orczy\Emmuska+Orczy+Orczy-2785-2785.Txt,32,Emmuska Orczy Orczy
180,C:\Users\nivmizrahi\PycharmProjects\PRO\books\Emmuska Orczy Orczy\Emmuska+Orczy+Orczy-5090-8Repa11.Txt,32,Emmuska Orczy Orczy
181,C:\Users\nivmizrahi\PycharmProjects\PRO\books\Emmuska Orczy Orczy\Emmuska+Orczy+Orczy-5805-Lscap10.Txt,32,Emmuska Orczy Orczy
182,C:\Users\nivmizrahi\PycharmProjects\PRO\books\Fergus Hume\Fergus+Hume-26063-26063-8.Txt,33,Fergus Hume
183,C:\Users\nivmizrahi\PycharmProjects\PRO\books\Fergus Hume\Fergus+Hume-2868-2868.Txt,33,Fergus Hume
184,C:\Users\nivmizrahi\PycharmProjects\PRO\books\Fergus Hume\Fergus+Hume-4223-4223.Txt,33,Fergus Hume
185,C:\Users\nivmizrahi\PycharmProjects\PRO\books\Fergus Hume\Fergus+Hume-4946-Mdmmd10.Txt,33,Fergus Hume
186,C:\Users\nivmizrahi\PycharmProjects\PRO\books\Frances Hodgson Burnett\Frances+Hodgson+Burnett-1550-1550.Txt,34,Frances Hodgson Burnett
187,C:\Users\nivmizrahi\PycharmProjects\PRO\books\Frances Hodgson Burnett\Frances+Hodgson+Burnett-17396-17396-8.Txt,34,Frances Hodgson Burnett
188,C:\Users\nivmizrahi\PycharmProjects\PRO\books\Frances Hodgson Burnett\Frances+Hodgson+Burnett-25727-25727-8.Txt,34,Frances Hodgson Burnett
189,C:\Users\nivmizrahi\PycharmProjects\PRO\books\Frederick Marryat\Frederick+Marryat-12954-12954-8.Txt,35,Frederick Marryat
190,C:\Users\nivmizrahi\PycharmProjects\PRO\books\Frederick Marryat\Frederick+Marryat-21549-21549.Txt,35,Frederick Marryat
191,C:\Users\nivmizrahi\PycharmProjects\PRO\books\Frederick Marryat\Frederick+Marryat-21553-21553.Txt,35,Frederick Marryat
192,C:\Users\nivmizrahi\PycharmProjects\PRO\books\Frederick Marryat\Frederick+Marryat-21554-21554.Txt,35,Frederick Marryat
193,C:\Users\nivmizrahi\PycharmProjects\PRO\books\Frederick Marryat\Frederick+Marryat-21557-21557.Txt,35,Frederick Marryat
194,C:\Users\nivmizrahi\PycharmProjects\PRO\books\Frederick Marryat\Frederick+Marryat-21558-21558.Txt,35,Frederick Marryat
195,C:\Users\nivmizrahi\PycharmProjects\PRO\books\Frederick Marryat\Frederick+Marryat-21572-21572.Txt,35,Frederick Marryat
196,C:\Users\nivmizrahi\PycharmProjects\PRO\books\Frederick Marryat\Frederick+Marryat-24470-24470.Txt,35,Frederick Marryat
197,C:\Users\nivmizrahi\PycharmProjects\PRO\books\G A Henty\G+A+Henty-11058-11058.Txt,36,G A Henty
198,C:\Users\nivmizrahi\PycharmProjects\PRO\books\G A Henty\G+A+Henty-12308-12308.Txt,36,G A Henty
199,C:\Users\nivmizrahi\PycharmProjects\PRO\books\G A Henty\G+A+Henty-14313-14313-8.Txt,36,G A Henty
200,C:\Users\nivmizrahi\PycharmProjects\PRO\books\G A Henty\G+A+Henty-17403-17403.Txt,36,G A Henty
201,C:\Users\nivmizrahi\PycharmProjects\PRO\books\G A Henty\G+A+Henty-17766-17766.Txt,36,G A Henty
202,C:\Users\nivmizrahi\PycharmProjects\PRO\books\G A Henty\G+A+Henty-18356-18356.Txt,36,G A Henty
203,C:\Users\nivmizrahi\PycharmProjects\PRO\books\G A Henty\G+A+Henty-18357-18357.Txt,36,G A Henty
204,C:\Users\nivmizrahi\PycharmProjects\PRO\books\G A Henty\G+A+Henty-18813-18813.Txt,36,G A Henty
205,C:\Users\nivmizrahi\PycharmProjects\PRO\books\G A Henty\G+A+Henty-18833-18833.Txt,36,G A Henty
206,C:\Users\nivmizrahi\PycharmProjects\PRO\books\G A Henty\G+A+Henty-18868-18868.Txt,36,G A Henty
207,C:\Users\nivmizrahi\PycharmProjects\PRO\books\G A Henty\G+A+Henty-19070-19070.Txt,36,G A Henty
208,C:\Users\nivmizrahi\PycharmProjects\PRO\books\G A Henty\G+A+Henty-19154-19154.Txt,36,G A Henty
209,C:\Users\nivmizrahi\PycharmProjects\PRO\books\G A Henty\G+A+Henty-19398-19398.Txt,36,G A Henty
210,C:\Users\nivmizrahi\PycharmProjects\PRO\books\G A Henty\G+A+Henty-20092-20092.Txt,36,G A Henty
211,C:\Users\nivmizrahi\PycharmProjects\PRO\books\G A Henty\G+A+Henty-20729-20729.Txt,36,G A Henty
212,C:\Users\nivmizrahi\PycharmProjects\PRO\books\G A Henty\G+A+Henty-21788-21788.Txt,36,G A Henty
213,C:\Users\nivmizrahi\PycharmProjects\PRO\books\G A Henty\G+A+Henty-21979-21979.Txt,36,G A Henty
214,C:\Users\nivmizrahi\PycharmProjects\PRO\books\G A Henty\G+A+Henty-21986-21986-8.Txt,36,G A Henty
215,C:\Users\nivmizrahi\PycharmProjects\PRO\books\G A Henty\G+A+Henty-22224-22224-8.Txt,36,G A Henty
216,C:\Users\nivmizrahi\PycharmProjects\PRO\books\G A Henty\G+A+Henty-24244-24244-8.Txt,36,G A Henty
217,C:\Users\nivmizrahi\PycharmProjects\PRO\books\G A Henty\G+A+Henty-28357-28357-8.Txt,36,G A Henty
218,C:\Users\nivmizrahi\PycharmProjects\PRO\books\G A Henty\G+A+Henty-29756-29756-8.Txt,36,G A Henty
219,C:\Users\nivmizrahi\PycharmProjects\PRO\books\G A Henty\G+A+Henty-30143-30143-8.Txt,36,G A Henty
220,C:\Users\nivmizrahi\PycharmProjects\PRO\books\G A Henty\G+A+Henty-30457-30457-8.Txt,36,G A Henty
221,C:\Users\nivmizrahi\PycharmProjects\PRO\books\G A Henty\G+A+Henty-3429-3429.Txt,36,G A Henty
222,C:\Users\nivmizrahi\PycharmProjects\PRO\books\G A Henty\G+A+Henty-3674-3674.Txt,36,G A Henty
223,C:\Users\nivmizrahi\PycharmProjects\PRO\books\G A Henty\G+A+Henty-3785-3785.Txt,36,G A Henty
224,C:\Users\nivmizrahi\PycharmProjects\PRO\books\G A Henty\G+A+Henty-4792-4792.Txt,36,G A Henty
225,C:\Users\nivmizrahi\PycharmProjects\PRO\books\G A Henty\G+A+Henty-4932-4932.Txt,36,G A Henty
226,C:\Users\nivmizrahi\PycharmProjects\PRO\books\G A Henty\G+A+Henty-5075-5075.Txt,36,G A Henty
227,C:\Users\nivmizrahi\PycharmProjects\PRO\books\G A Henty\G+A+Henty-5128-5128.Txt,36,G A Henty
228,C:\Users\nivmizrahi\PycharmProjects\PRO\books\G Maspero\G+Maspero-17322-17322-8.Txt,37,G Maspero
229,C:\Users\nivmizrahi\PycharmProjects\PRO\books\G Maspero\G+Maspero-17324-17324-8.Txt,37,G Maspero
230,C:\Users\nivmizrahi\PycharmProjects\PRO\books\G Maspero\G+Maspero-17325-17325-8.Txt,37,G Maspero
231,C:\Users\nivmizrahi\PycharmProjects\PRO\books\G Maspero\G+Maspero-17326-17326-8.Txt,37,G Maspero
232,C:\Users\nivmizrahi\PycharmProjects\PRO\books\G Maspero\G+Maspero-17327-17327-8.Txt,37,G Maspero
233,C:\Users\nivmizrahi\PycharmProjects\PRO\books\G Maspero\G+Maspero-17328-17328-8.Txt,37,G Maspero
234,C:\Users\nivmizrahi\PycharmProjects\PRO\books\G Maspero\G+Maspero-17329-17329-8.Txt,37,G Maspero
235,C:\Users\nivmizrahi\PycharmProjects\PRO\books\George Barr Mccutcheon\George+Barr+Mccutcheon-13967-13967-8.Txt,38,George Barr Mccutcheon
236,C:\Users\nivmizrahi\PycharmProjects\PRO\books\George Barr Mccutcheon\George+Barr+Mccutcheon-14284-14284-8.Txt,38,George Barr Mccutcheon
237,C:\Users\nivmizrahi\PycharmProjects\PRO\books\George Barr Mccutcheon\George+Barr+Mccutcheon-4709-4709.Txt,38,George Barr Mccutcheon
238,C:\Users\nivmizrahi\PycharmProjects\PRO\books\George Barr Mccutcheon\George+Barr+Mccutcheon-5142-Grstk10.Txt,38,George Barr Mccutcheon
239,C:\Users\nivmizrahi\PycharmProjects\PRO\books\George Barr Mccutcheon\George+Barr+Mccutcheon-5349-Cscrw10.Txt,38,George Barr Mccutcheon
240,C:\Users\nivmizrahi\PycharmProjects\PRO\books\George Gissing\George+Gissing-11603-11603.Txt,39,George Gissing
241,C:\Users\nivmizrahi\PycharmProjects\PRO\books\George Gissing\George+Gissing-1709-1709.Txt,39,George Gissing
242,C:\Users\nivmizrahi\PycharmProjects\PRO\books\George Gissing\George+Gissing-4302-4302.Txt,39,George Gissing
243,C:\Users\nivmizrahi\PycharmProjects\PRO\books\George Gissing\George+Gissing-4303-4303.Txt,39,George Gissing
244,C:\Users\nivmizrahi\PycharmProjects\PRO\books\George Gissing\George+Gissing-4305-4305.Txt,39,George Gissing
245,C:\Users\nivmizrahi\PycharmProjects\PRO\books\George Gissing\George+Gissing-4306-4306.Txt,39,George Gissing
246,C:\Users\nivmizrahi\PycharmProjects\PRO\books\George Gissing\George+Gissing-4308-4308.Txt,39,George Gissing
247,C:\Users\nivmizrahi\PycharmProjects\PRO\books\George Gissing\George+Gissing-4313-4313.Txt,39,George Gissing
248,C:\Users\nivmizrahi\PycharmProjects\PRO\books\George Gissing\George+Gissing-4526-4526.Txt,39,George Gissing
249,C:\Users\nivmizrahi\PycharmProjects\PRO\books\George Macdonald\George+Macdonald-1640-1640-8.Txt,40,George Macdonald
250,C:\Users\nivmizrahi\PycharmProjects\PRO\books\George Macdonald\George+Macdonald-2370-2370-8.Txt,40,George Macdonald
251,C:\Users\nivmizrahi\PycharmProjects\PRO\books\George Macdonald\George+Macdonald-2433-2433-8.Txt,40,George Macdonald
252,C:\Users\nivmizrahi\PycharmProjects\PRO\books\George Meredith\George+Meredith-4405-4405.Txt,41,George Meredith
253,C:\Users\nivmizrahi\PycharmProjects\PRO\books\George Meredith\George+Meredith-4452-4452.Txt,41,George Meredith
254,C:\Users\nivmizrahi\PycharmProjects\PRO\books\George Meredith\George+Meredith-4470-4470.Txt,41,George Meredith
255,C:\Users\nivmizrahi\PycharmProjects\PRO\books\George Meredith\George+Meredith-4476-4476.Txt,41,George Meredith
256,C:\Users\nivmizrahi\PycharmProjects\PRO\books\George Moore\George+Moore-11654-11654.Txt,42,George Moore
257,C:\Users\nivmizrahi\PycharmProjects\PRO\books\George Moore\George+Moore-12278-12278-0.Txt,42,George Moore
258,C:\Users\nivmizrahi\PycharmProjects\PRO\books\George Moore\George+Moore-4034-4034.Txt,42,George Moore
259,C:\Users\nivmizrahi\PycharmProjects\PRO\books\George Washington Cable\George+Washington+Cable-10234-10234-10234.Txt,43,George Washington Cable
260,C:\Users\nivmizrahi\PycharmProjects\PRO\books\George Washington Cable\George+Washington+Cable-12280-12280.Txt,43,George Washington Cable
261,C:\Users\nivmizrahi\PycharmProjects\PRO\books\George Washington Cable\George+Washington+Cable-12577-12577-8.Txt,43,George Washington Cable
262,C:\Users\nivmizrahi\PycharmProjects\PRO\books\Grace S Richmond\Grace+S+Richmond-12164-12164.Txt,44,Grace S Richmond
263,C:\Users\nivmizrahi\PycharmProjects\PRO\books\Grace S Richmond\Grace+S+Richmond-13209-13209-8.Txt,44,Grace S Richmond
264,C:\Users\nivmizrahi\PycharmProjects\PRO\books\Grace S Richmond\Grace+S+Richmond-20719-20719-8.Txt,44,Grace S Richmond
265,C:\Users\nivmizrahi\PycharmProjects\PRO\books\Gustave Flaubert\Gustave+Flaubert-1290-1290.Txt,45,Gustave Flaubert
266,C:\Users\nivmizrahi\PycharmProjects\PRO\books\Gustave Flaubert\Gustave+Flaubert-25014-25014-8.Txt,45,Gustave Flaubert
267,C:\Users\nivmizrahi\PycharmProjects\PRO\books\Gustave Flaubert\Gustave+Flaubert-27537-27537-8.Txt,45,Gustave Flaubert
268,C:\Users\nivmizrahi\PycharmProjects\PRO\books\Gustave Flaubert\Gustave+Flaubert-27575-27575-8.Txt,45,Gustave Flaubert
269,C:\Users\nivmizrahi\PycharmProjects\PRO\books\H Beam Piper\H+Beam+Piper-17866-17866-8.Txt,46,H Beam Piper
270,C:\Users\nivmizrahi\PycharmProjects\PRO\books\H Beam Piper\H+Beam+Piper-20727-20727.Txt,46,H Beam Piper
271,C:\Users\nivmizrahi\PycharmProjects\PRO\books\H Beam Piper\H+Beam+Piper-20728-20728-8.Txt,46,H Beam Piper
272,C:\Users\nivmizrahi\PycharmProjects\PRO\books\H G Wells\H+G+Wells-1013-1013.Txt,47,H G Wells
273,C:\Users\nivmizrahi\PycharmProjects\PRO\books\H G Wells\H+G+Wells-11502-11502.Txt,47,H G Wells
274,C:\Users\nivmizrahi\PycharmProjects\PRO\books\H G Wells\H+G+Wells-11640-11640.Txt,47,H G Wells
275,C:\Users\nivmizrahi\PycharmProjects\PRO\books\H G Wells\H+G+Wells-11696-11696.Txt,47,H G Wells
276,C:\Users\nivmizrahi\PycharmProjects\PRO\books\H G Wells\H+G+Wells-11870-11870.Txt,47,H G Wells
277,C:\Users\nivmizrahi\PycharmProjects\PRO\books\H G Wells\H+G+Wells-14060-14060-8.Txt,47,H G Wells
278,C:\Users\nivmizrahi\PycharmProjects\PRO\books\H G Wells\H+G+Wells-19229-19229-8.Txt,47,H G Wells
279,C:\Users\nivmizrahi\PycharmProjects\PRO\books\H G Wells\H+G+Wells-27365-27365-8.Txt,47,H G Wells
280,C:\Users\nivmizrahi\PycharmProjects\PRO\books\H G Wells\H+G+Wells-3797-3797.Txt,47,H G Wells
281,C:\Users\nivmizrahi\PycharmProjects\PRO\books\Hall Caine\Hall+Caine-14597-14597-8.Txt,48,Hall Caine
282,C:\Users\nivmizrahi\PycharmProjects\PRO\books\Hall Caine\Hall+Caine-25570-25570-8.Txt,48,Hall Caine
283,C:\Users\nivmizrahi\PycharmProjects\PRO\books\Hall Caine\Hall+Caine-26088-26088-8.Txt,48,Hall Caine
284,C:\Users\nivmizrahi\PycharmProjects\PRO\books\Henry Rider Haggard\Henry+Rider+Haggard-11882-11882.Txt,49,Henry Rider Haggard
285,C:\Users\nivmizrahi\PycharmProjects\PRO\books\Henry Rider Haggard\Henry+Rider+Haggard-1207-1207.Txt,49,Henry Rider Haggard
286,C:\Users\nivmizrahi\PycharmProjects\PRO\books\Henry Rider Haggard\Henry+Rider+Haggard-1368-1368-8.Txt,49,Henry Rider Haggard
287,C:\Users\nivmizrahi\PycharmProjects\PRO\books\Henry Rider Haggard\Henry+Rider+Haggard-1848-1848.Txt,49,Henry Rider Haggard
288,C:\Users\nivmizrahi\PycharmProjects\PRO\books\Henry Rider Haggard\Henry+Rider+Haggard-2166-2166-8.Txt,49,Henry Rider Haggard
289,C:\Users\nivmizrahi\PycharmProjects\PRO\books\Henry Rider Haggard\Henry+Rider+Haggard-2602-2602-8.Txt,49,Henry Rider Haggard
290,C:\Users\nivmizrahi\PycharmProjects\PRO\books\Henry Rider Haggard\Henry+Rider+Haggard-2763-2763-8.Txt,49,Henry Rider Haggard
291,C:\Users\nivmizrahi\PycharmProjects\PRO\books\Henry Rider Haggard\Henry+Rider+Haggard-2856-2856-8.Txt,49,Henry Rider Haggard
292,C:\Users\nivmizrahi\PycharmProjects\PRO\books\Henry Rider Haggard\Henry+Rider+Haggard-2857-2857-8.Txt,49,Henry Rider Haggard
293,C:\Users\nivmizrahi\PycharmProjects\PRO\books\Henry Rider Haggard\Henry+Rider+Haggard-3094-3094-8.Txt,49,Henry Rider Haggard
294,C:\Users\nivmizrahi\PycharmProjects\PRO\books\Henry Rider Haggard\Henry+Rider+Haggard-3097-3097-8.Txt,49,Henry Rider Haggard
295,C:\Users\nivmizrahi\PycharmProjects\PRO\books\Henry Rider Haggard\Henry+Rider+Haggard-3153-3153-8.Txt,49,Henry Rider Haggard
296,C:\Users\nivmizrahi\PycharmProjects\PRO\books\Henry Rider Haggard\Henry+Rider+Haggard-3813-3813-8.Txt,49,Henry Rider Haggard
297,C:\Users\nivmizrahi\PycharmProjects\PRO\books\Henry Rider Haggard\Henry+Rider+Haggard-4074-4074-8.Txt,49,Henry Rider Haggard
298,C:\Users\nivmizrahi\PycharmProjects\PRO\books\Henry Rider Haggard\Henry+Rider+Haggard-5174-5174-8.Txt,49,Henry Rider Haggard
299,C:\Users\nivmizrahi\PycharmProjects\PRO\books\Henry Rider Haggard\Henry+Rider+Haggard-5175-5175-8.Txt,49,Henry Rider Haggard
300,C:\Users\nivmizrahi\PycharmProjects\PRO\books\Henry Rider Haggard\Henry+Rider+Haggard-5228-5228.Txt,49,Henry Rider Haggard
301,C:\Users\nivmizrahi\PycharmProjects\PRO\books\Henry Rider Haggard\Henry+Rider+Haggard-5745-5745-8.Txt,49,Henry Rider Haggard
302,C:\Users\nivmizrahi\PycharmProjects\PRO\books\Henry Rider Haggard\Henry+Rider+Haggard-5746-5746-8.Txt,49,Henry Rider Haggard
303,C:\Users\nivmizrahi\PycharmProjects\PRO\books\Henry Rider Haggard\Henry+Rider+Haggard-5754-5754.Txt,49,Henry Rider Haggard
304,C:\Users\nivmizrahi\PycharmProjects\PRO\books\Henryk Sienkiewicz\Henryk+Sienkiewicz-11686-11686.Txt,50,Henryk Sienkiewicz
305,C:\Users\nivmizrahi\PycharmProjects\PRO\books\Henryk Sienkiewicz\Henryk+Sienkiewicz-2853-2853-8.Txt,50,Henryk Sienkiewicz
306,C:\Users\nivmizrahi\PycharmProjects\PRO\books\Henryk Sienkiewicz\Henryk+Sienkiewicz-30365-30365-8.Txt,50,Henryk Sienkiewicz
307,C:\Users\nivmizrahi\PycharmProjects\PRO\books\Herman Melville\Herman+Melville-10712-10712.Txt,51,Herman Melville
308,C:\Users\nivmizrahi\PycharmProjects\PRO\books\Herman Melville\Herman+Melville-13720-13720.Txt,51,Herman Melville
309,C:\Users\nivmizrahi\PycharmProjects\PRO\books\Herman Melville\Herman+Melville-15422-15422-8.Txt,51,Herman Melville
310,C:\Users\nivmizrahi\PycharmProjects\PRO\books\Herman Melville\Herman+Melville-15859-15859-8.Txt,51,Herman Melville
311,C:\Users\nivmizrahi\PycharmProjects\PRO\books\Herman Melville\Herman+Melville-21816-21816-8.Txt,51,Herman Melville
312,C:\Users\nivmizrahi\PycharmProjects\PRO\books\Herman Melville\Herman+Melville-28656-28656-8.Txt,51,Herman Melville
313,C:\Users\nivmizrahi\PycharmProjects\PRO\books\Homer\Homer-16452-16452-8.Txt,52,Homer
314,C:\Users\nivmizrahi\PycharmProjects\PRO\books\Homer\Homer-1727-Dyssy10.Txt,52,Homer
315,C:\Users\nivmizrahi\PycharmProjects\PRO\books\Homer\Homer-24269-24269-8.Txt,52,Homer
316,C:\Users\nivmizrahi\PycharmProjects\PRO\books\Homer\Homer-3160-Dyssy11B.Txt,52,Homer
317,C:\Users\nivmizrahi\PycharmProjects\PRO\books\Honore De Balzac\Honore+De+Balzac-1237-1237.Txt,53,Honore De Balzac
318,C:\Users\nivmizrahi\PycharmProjects\PRO\books\Honore De Balzac\Honore+De+Balzac-12900-12900.Txt,53,Honore De Balzac
319,C:\Users\nivmizrahi\PycharmProjects\PRO\books\Honore De Balzac\Honore+De+Balzac-1307-1307.Txt,53,Honore De Balzac
320,C:\Users\nivmizrahi\PycharmProjects\PRO\books\Honore De Balzac\Honore+De+Balzac-13159-13159.Txt,53,Honore De Balzac
321,C:\Users\nivmizrahi\PycharmProjects\PRO\books\Honore De Balzac\Honore+De+Balzac-13260-13260.Txt,53,Honore De Balzac
322,C:\Users\nivmizrahi\PycharmProjects\PRO\books\Honore De Balzac\Honore+De+Balzac-1482-1482.Txt,53,Honore De Balzac
323,C:\Users\nivmizrahi\PycharmProjects\PRO\books\Honore De Balzac\Honore+De+Balzac-1559-1559.Txt,53,Honore De Balzac
324,C:\Users\nivmizrahi\PycharmProjects\PRO\books\Honore De Balzac\Honore+De+Balzac-16205-16205.Txt,53,Honore De Balzac
325,C:\Users\nivmizrahi\PycharmProjects\PRO\books\Honore De Balzac\Honore+De+Balzac-1660-1660.Txt,53,Honore De Balzac
326,C:\Users\nivmizrahi\PycharmProjects\PRO\books\Honore De Balzac\Honore+De+Balzac-1715-1715.Txt,53,Honore De Balzac
327,C:\Users\nivmizrahi\PycharmProjects\PRO\books\Honore De Balzac\Honore+De+Balzac-1749-1749.Txt,53,Honore De Balzac
328,C:\Users\nivmizrahi\PycharmProjects\PRO\books\Honore De Balzac\Honore+De+Balzac-1856-1856.Txt,53,Honore De Balzac
329,C:\Users\nivmizrahi\PycharmProjects\PRO\books\Honore De Balzac\Honore+De+Balzac-1912-1912.Txt,53,Honore De Balzac
330,C:\Users\nivmizrahi\PycharmProjects\PRO\books\Honore De Balzac\Honore+De+Balzac-1950-1950.Txt,53,Honore De Balzac
331,C:\Users\nivmizrahi\PycharmProjects\PRO\books\James Fenimore Cooper\James+Fenimore+Cooper-10149-10149.Txt,54,James Fenimore Cooper
332,C:\Users\nivmizrahi\PycharmProjects\PRO\books\James Fenimore Cooper\James+Fenimore+Cooper-10365-10365-10365.Txt,54,James Fenimore Cooper
333,C:\Users\nivmizrahi\PycharmProjects\PRO\books\James Fenimore Cooper\James+Fenimore+Cooper-10434-10434.Txt,54,James Fenimore Cooper
334,C:\Users\nivmizrahi\PycharmProjects\PRO\books\James Fenimore Cooper\James+Fenimore+Cooper-11243-11243.Txt,54,James Fenimore Cooper
335,C:\Users\nivmizrahi\PycharmProjects\PRO\books\James Fenimore Cooper\James+Fenimore+Cooper-11409-11409.Txt,54,James Fenimore Cooper
336,C:\Users\nivmizrahi\PycharmProjects\PRO\books\James Fenimore Cooper\James+Fenimore+Cooper-11957-11957.Txt,54,James Fenimore Cooper
337,C:\Users\nivmizrahi\PycharmProjects\PRO\books\James Fenimore Cooper\James+Fenimore+Cooper-19983-19983-8.Txt,54,James Fenimore Cooper
338,C:\Users\nivmizrahi\PycharmProjects\PRO\books\James Fenimore Cooper\James+Fenimore+Cooper-20475-20475-8.Txt,54,James Fenimore Cooper
339,C:\Users\nivmizrahi\PycharmProjects\PRO\books\James Fenimore Cooper\James+Fenimore+Cooper-3285-3285-8.Txt,54,James Fenimore Cooper
340,C:\Users\nivmizrahi\PycharmProjects\PRO\books\James Fenimore Cooper\James+Fenimore+Cooper-4796-8Tier10.Txt,54,James Fenimore Cooper
341,C:\Users\nivmizrahi\PycharmProjects\PRO\books\James Oliver Curwood\James+Oliver+Curwood-29406-29406-8.Txt,55,James Oliver Curwood
342,C:\Users\nivmizrahi\PycharmProjects\PRO\books\James Oliver Curwood\James+Oliver+Curwood-29407-29407-8.Txt,55,James Oliver Curwood
343,C:\Users\nivmizrahi\PycharmProjects\PRO\books\James Oliver Curwood\James+Oliver+Curwood-4539-4539.Txt,55,James Oliver Curwood
344,C:\Users\nivmizrahi\PycharmProjects\PRO\books\James Oliver Curwood\James+Oliver+Curwood-4702-4702.Txt,55,James Oliver Curwood
345,C:\Users\nivmizrahi\PycharmProjects\PRO\books\Jeffery Farnol\Jeffery+Farnol-10064-10064.Txt,56,Jeffery Farnol
346,C:\Users\nivmizrahi\PycharmProjects\PRO\books\Jeffery Farnol\Jeffery+Farnol-10418-10418-10418.Txt,56,Jeffery Farnol
347,C:\Users\nivmizrahi\PycharmProjects\PRO\books\Jeffery Farnol\Jeffery+Farnol-16074-16074-8.Txt,56,Jeffery Farnol
348,C:\Users\nivmizrahi\PycharmProjects\PRO\books\Jeffery Farnol\Jeffery+Farnol-5257-Brhgw10.Txt,56,Jeffery Farnol
349,C:\Users\nivmizrahi\PycharmProjects\PRO\books\Jerome K Jerome\Jerome+K+Jerome-1334-1334.Txt,57,Jerome K Jerome
350,C:\Users\nivmizrahi\PycharmProjects\PRO\books\Jerome K Jerome\Jerome+K+Jerome-1915-1915.Txt,57,Jerome K Jerome
351,C:\Users\nivmizrahi\PycharmProjects\PRO\books\Jerome K Jerome\Jerome+K+Jerome-2183-2183.Txt,57,Jerome K Jerome
352,C:\Users\nivmizrahi\PycharmProjects\PRO\books\John Buchan\John+Buchan-10046-10046.Txt,58,John Buchan
353,C:\Users\nivmizrahi\PycharmProjects\PRO\books\John Buchan\John+Buchan-17047-17047-8.Txt,58,John Buchan
354,C:\Users\nivmizrahi\PycharmProjects\PRO\books\John Buchan\John+Buchan-3782-3782.Txt,58,John Buchan
355,C:\Users\nivmizrahi\PycharmProjects\PRO\books\John Galsworthy\John+Galsworthy-2192-2192.Txt,59,John Galsworthy
356,C:\Users\nivmizrahi\PycharmProjects\PRO\books\John Galsworthy\John+Galsworthy-2309-2309.Txt,59,John Galsworthy
357,C:\Users\nivmizrahi\PycharmProjects\PRO\books\John Galsworthy\John+Galsworthy-2559-2559.Txt,59,John Galsworthy
358,C:\Users\nivmizrahi\PycharmProjects\PRO\books\John Galsworthy\John+Galsworthy-2594-2594.Txt,59,John Galsworthy
359,C:\Users\nivmizrahi\PycharmProjects\PRO\books\John Galsworthy\John+Galsworthy-2639-2639.Txt,59,John Galsworthy
360,C:\Users\nivmizrahi\PycharmProjects\PRO\books\John Galsworthy\John+Galsworthy-2774-2774.Txt,59,John Galsworthy
361,C:\Users\nivmizrahi\PycharmProjects\PRO\books\John Galsworthy\John+Galsworthy-4269-4269.Txt,59,John Galsworthy
362,C:\Users\nivmizrahi\PycharmProjects\PRO\books\John Galsworthy\John+Galsworthy-4397-4397.Txt,59,John Galsworthy
363,C:\Users\nivmizrahi\PycharmProjects\PRO\books\John Ruskin\John+Ruskin-26716-26716-8.Txt,60,John Ruskin
364,C:\Users\nivmizrahi\PycharmProjects\PRO\books\John Ruskin\John+Ruskin-29906-29906-8.Txt,60,John Ruskin
365,C:\Users\nivmizrahi\PycharmProjects\PRO\books\John Ruskin\John+Ruskin-29907-29907-8.Txt,60,John Ruskin
366,C:\Users\nivmizrahi\PycharmProjects\PRO\books\John Ruskin\John+Ruskin-30325-30325-8.Txt,60,John Ruskin
367,C:\Users\nivmizrahi\PycharmProjects\PRO\books\John Wood Campbell\John+Wood+Campbell-20154-20154-8.Txt,61,John Wood Campbell
368,C:\Users\nivmizrahi\PycharmProjects\PRO\books\John Wood Campbell\John+Wood+Campbell-20707-20707-8.Txt,61,John Wood Campbell
369,C:\Users\nivmizrahi\PycharmProjects\PRO\books\John Wood Campbell\John+Wood+Campbell-20988-20988.Txt,61,John Wood Campbell
370,C:\Users\nivmizrahi\PycharmProjects\PRO\books\Joseph A Altsheler\Joseph+A+Altsheler-19477-19477-8.Txt,62,Joseph A Altsheler
371,C:\Users\nivmizrahi\PycharmProjects\PRO\books\Joseph A Altsheler\Joseph+A+Altsheler-24758-24758-8.Txt,62,Joseph A Altsheler
372,C:\Users\nivmizrahi\PycharmProjects\PRO\books\Joseph A Altsheler\Joseph+A+Altsheler-25186-25186-8.Txt,62,Joseph A Altsheler
373,C:\Users\nivmizrahi\PycharmProjects\PRO\books\Joseph A Altsheler\Joseph+A+Altsheler-3653-3653.Txt,62,Joseph A Altsheler
374,C:\Users\nivmizrahi\PycharmProjects\PRO\books\Joseph A Altsheler\Joseph+A+Altsheler-5207-5207.Txt,62,Joseph A Altsheler
375,C:\Users\nivmizrahi\PycharmProjects\PRO\books\Joseph Conrad\Joseph+Conrad-1055-Twxls10.Txt,63,Joseph Conrad
376,C:\Users\nivmizrahi\PycharmProjects\PRO\books\Joseph Conrad\Joseph+Conrad-1058-Tmots10.Txt,63,Joseph Conrad
377,C:\Users\nivmizrahi\PycharmProjects\PRO\books\Joseph Conrad\Joseph+Conrad-1083-1083-0.Txt,63,Joseph Conrad
378,C:\Users\nivmizrahi\PycharmProjects\PRO\books\Joseph Conrad\Joseph+Conrad-1143-1143.Txt,63,Joseph Conrad
379,C:\Users\nivmizrahi\PycharmProjects\PRO\books\Joseph Conrad\Joseph+Conrad-1202-1202.Txt,63,Joseph Conrad
380,C:\Users\nivmizrahi\PycharmProjects\PRO\books\Joseph Conrad\Joseph+Conrad-2480-2480.Txt,63,Joseph Conrad
381,C:\Users\nivmizrahi\PycharmProjects\PRO\books\Joseph Conrad\Joseph+Conrad-5658-5658.Txt,63,Joseph Conrad
382,C:\Users\nivmizrahi\PycharmProjects\PRO\books\Jules Verne\Jules+Verne-10339-10339-8.Txt,64,Jules Verne
383,C:\Users\nivmizrahi\PycharmProjects\PRO\books\Jules Verne\Jules+Verne-11263-11263-8.Txt,64,Jules Verne
384,C:\Users\nivmizrahi\PycharmProjects\PRO\books\Jules Verne\Jules+Verne-16457-16457-8.Txt,64,Jules Verne
385,C:\Users\nivmizrahi\PycharmProjects\PRO\books\Jules Verne\Jules+Verne-18857-18857-8.Txt,64,Jules Verne
386,C:\Users\nivmizrahi\PycharmProjects\PRO\books\Jules Verne\Jules+Verne-28657-28657-8.Txt,64,Jules Verne
387,C:\Users\nivmizrahi\PycharmProjects\PRO\books\Jules Verne\Jules+Verne-29413-29413-8.Txt,64,Jules Verne
388,C:\Users\nivmizrahi\PycharmProjects\PRO\books\Jules Verne\Jules+Verne-3526-5Wiab10.Txt,64,Jules Verne
389,C:\Users\nivmizrahi\PycharmProjects\PRO\books\Jules Verne\Jules+Verne-3748-8Jrny10.Txt,64,Jules Verne
390,C:\Users\nivmizrahi\PycharmProjects\PRO\books\L M Montgomery\L+M+Montgomery-24873-24873-8.Txt,65,L M Montgomery
391,C:\Users\nivmizrahi\PycharmProjects\PRO\books\L M Montgomery\L+M+Montgomery-24877-24877-8.Txt,65,L M Montgomery
392,C:\Users\nivmizrahi\PycharmProjects\PRO\books\L M Montgomery\L+M+Montgomery-24878-24878-8.Txt,65,L M Montgomery
393,C:\Users\nivmizrahi\PycharmProjects\PRO\books\L M Montgomery\L+M+Montgomery-5340-Fcrvn10.Txt,65,L M Montgomery
394,C:\Users\nivmizrahi\PycharmProjects\PRO\books\L M Montgomery\L+M+Montgomery-5342-Strgl10.Txt,65,L M Montgomery
395,C:\Users\nivmizrahi\PycharmProjects\PRO\books\L M Montgomery\L+M+Montgomery-5343-Rnbvl10.Txt,65,L M Montgomery
396,C:\Users\nivmizrahi\PycharmProjects\PRO\books\L T Meade\L+T+Meade-15149-15149-8.Txt,66,L T Meade
397,C:\Users\nivmizrahi\PycharmProjects\PRO\books\L T Meade\L+T+Meade-15839-15839-8.Txt,66,L T Meade
398,C:\Users\nivmizrahi\PycharmProjects\PRO\books\L T Meade\L+T+Meade-28862-28862-8.Txt,66,L T Meade
399,C:\Users\nivmizrahi\PycharmProjects\PRO\books\L T Meade\L+T+Meade-4989-Swgrl10.Txt,66,L T Meade
400,C:\Users\nivmizrahi\PycharmProjects\PRO\books\Leo Tolstoy\Leo+Tolstoy-1399-1399-8.Txt,67,Leo Tolstoy
401,C:\Users\nivmizrahi\PycharmProjects\PRO\books\Leo Tolstoy\Leo+Tolstoy-1938-Resur10.Txt,67,Leo Tolstoy
402,C:\Users\nivmizrahi\PycharmProjects\PRO\books\Leo Tolstoy\Leo+Tolstoy-4602-8Tkhw10.Txt,67,Leo Tolstoy
403,C:\Users\nivmizrahi\PycharmProjects\PRO\books\Louisa May Alcott\Louisa+May+Alcott-10360-10360.Txt,68,Louisa May Alcott
404,C:\Users\nivmizrahi\PycharmProjects\PRO\books\Louisa May Alcott\Louisa+May+Alcott-2786-2786-8.Txt,68,Louisa May Alcott
405,C:\Users\nivmizrahi\PycharmProjects\PRO\books\Louisa May Alcott\Louisa+May+Alcott-2804-2804-8.Txt,68,Louisa May Alcott
406,C:\Users\nivmizrahi\PycharmProjects\PRO\books\Louisa May Alcott\Louisa+May+Alcott-5830-Grlnd11.Txt,68,Louisa May Alcott
407,C:\Users\nivmizrahi\PycharmProjects\PRO\books\Margaret Sidney\Margaret+Sidney-26122-26122-8.Txt,69,Margaret Sidney
408,C:\Users\nivmizrahi\PycharmProjects\PRO\books\Margaret Sidney\Margaret+Sidney-2770-2770.Txt,69,Margaret Sidney
409,C:\Users\nivmizrahi\PycharmProjects\PRO\books\Margaret Sidney\Margaret+Sidney-5632-Flttp10.Txt,69,Margaret Sidney
410,C:\Users\nivmizrahi\PycharmProjects\PRO\books\Martha Finley\Martha+Finley-13379-13379-8.Txt,70,Martha Finley
411,C:\Users\nivmizrahi\PycharmProjects\PRO\books\Martha Finley\Martha+Finley-14280-14280.Txt,70,Martha Finley
412,C:\Users\nivmizrahi\PycharmProjects\PRO\books\Martha Finley\Martha+Finley-14379-14379-8.Txt,70,Martha Finley
413,C:\Users\nivmizrahi\PycharmProjects\PRO\books\Martha Finley\Martha+Finley-14488-14488.Txt,70,Martha Finley
414,C:\Users\nivmizrahi\PycharmProjects\PRO\books\Martha Finley\Martha+Finley-14534-14534.Txt,70,Martha Finley
415,C:\Users\nivmizrahi\PycharmProjects\PRO\books\Martha Finley\Martha+Finley-14566-14566.Txt,70,Martha Finley
416,C:\Users\nivmizrahi\PycharmProjects\PRO\books\Martha Finley\Martha+Finley-14874-14874-8.Txt,70,Martha Finley
417,C:\Users\nivmizrahi\PycharmProjects\PRO\books\Martha Finley\Martha+Finley-14875-14875-8.Txt,70,Martha Finley
418,C:\Users\nivmizrahi\PycharmProjects\PRO\books\Martha Finley\Martha+Finley-14909-14909.Txt,70,Martha Finley
419,C:\Users\nivmizrahi\PycharmProjects\PRO\books\Mary Eleanor Wilkins Freeman\Mary+Eleanor+Wilkins+Freeman-17428-17428-8.Txt,71,Mary Eleanor Wilkins Freeman
420,C:\Users\nivmizrahi\PycharmProjects\PRO\books\Mary Eleanor Wilkins Freeman\Mary+Eleanor+Wilkins+Freeman-17564-17564.Txt,71,Mary Eleanor Wilkins Freeman
421,C:\Users\nivmizrahi\PycharmProjects\PRO\books\Mary Eleanor Wilkins Freeman\Mary+Eleanor+Wilkins+Freeman-17566-17566.Txt,71,Mary Eleanor Wilkins Freeman
422,C:\Users\nivmizrahi\PycharmProjects\PRO\books\Mary Lamb\Mary+Lamb-10130-10130-10130.Txt,72,Mary Lamb
423,C:\Users\nivmizrahi\PycharmProjects\PRO\books\Mary Lamb\Mary+Lamb-1286-Tshak10A.Txt,72,Mary Lamb
424,C:\Users\nivmizrahi\PycharmProjects\PRO\books\Mary Lamb\Mary+Lamb-20657-20657-8.Txt,72,Mary Lamb
425,C:\Users\nivmizrahi\PycharmProjects\PRO\books\Mary Roberts Rinehart\Mary+Roberts+Rinehart-1214-1214.Txt,73,Mary Roberts Rinehart
426,C:\Users\nivmizrahi\PycharmProjects\PRO\books\Mary Roberts Rinehart\Mary+Roberts+Rinehart-1590-1590-8.Txt,73,Mary Roberts Rinehart
427,C:\Users\nivmizrahi\PycharmProjects\PRO\books\Mary Roberts Rinehart\Mary+Roberts+Rinehart-1869-1869.Txt,73,Mary Roberts Rinehart
428,C:\Users\nivmizrahi\PycharmProjects\PRO\books\Mary Roberts Rinehart\Mary+Roberts+Rinehart-1970-1970.Txt,73,Mary Roberts Rinehart
429,C:\Users\nivmizrahi\PycharmProjects\PRO\books\Mary Roberts Rinehart\Mary+Roberts+Rinehart-2714-2714.Txt,73,Mary Roberts Rinehart
430,C:\Users\nivmizrahi\PycharmProjects\PRO\books\Mary Roberts Rinehart\Mary+Roberts+Rinehart-3464-3464-8.Txt,73,Mary Roberts Rinehart
431,C:\Users\nivmizrahi\PycharmProjects\PRO\books\Maurice Leblanc\Maurice+Leblanc-1563-1563.Txt,74,Maurice Leblanc
432,C:\Users\nivmizrahi\PycharmProjects\PRO\books\Maurice Leblanc\Maurice+Leblanc-24839-24839-8.Txt,74,Maurice Leblanc
433,C:\Users\nivmizrahi\PycharmProjects\PRO\books\Maurice Leblanc\Maurice+Leblanc-28093-28093-8.Txt,74,Maurice Leblanc
434,C:\Users\nivmizrahi\PycharmProjects\PRO\books\Maurice Leblanc\Maurice+Leblanc-4014-4014.Txt,74,Maurice Leblanc
435,C:\Users\nivmizrahi\PycharmProjects\PRO\books\Maurice Leblanc\Maurice+Leblanc-4017-4017.Txt,74,Maurice Leblanc
436,C:\Users\nivmizrahi\PycharmProjects\PRO\books\Max Brand\Max+Brand-10601-10601-10601.Txt,75,Max Brand
437,C:\Users\nivmizrahi\PycharmProjects\PRO\books\Max Brand\Max+Brand-11093-11093.Txt,75,Max Brand
438,C:\Users\nivmizrahi\PycharmProjects\PRO\books\Max Brand\Max+Brand-12436-12436.Txt,75,Max Brand
439,C:\Users\nivmizrahi\PycharmProjects\PRO\books\Mrs Oliphant\Mrs+Oliphant-2553-2553-8.Txt,76,Mrs Oliphant
440,C:\Users\nivmizrahi\PycharmProjects\PRO\books\Mrs Oliphant\Mrs+Oliphant-28006-28006-8.Txt,76,Mrs Oliphant
441,C:\Users\nivmizrahi\PycharmProjects\PRO\books\Mrs Oliphant\Mrs+Oliphant-28629-28629-8.Txt,76,Mrs Oliphant
442,C:\Users\nivmizrahi\PycharmProjects\PRO\books\O Henry\O+Henry-1595-8Whrl11.Txt,77,O Henry
443,C:\Users\nivmizrahi\PycharmProjects\PRO\books\O Henry\O+Henry-1646-1646-8.Txt,77,O Henry
444,C:\Users\nivmizrahi\PycharmProjects\PRO\books\O Henry\O+Henry-2777-2777-8.Txt,77,O Henry
445,C:\Users\nivmizrahi\PycharmProjects\PRO\books\Oliver Wendell Holmes\Oliver+Wendell+Holmes-2449-Cmnlw10.Txt,78,Oliver Wendell Holmes
446,C:\Users\nivmizrahi\PycharmProjects\PRO\books\Oliver Wendell Holmes\Oliver+Wendell+Holmes-2665-2665.Txt,78,Oliver Wendell Holmes
447,C:\Users\nivmizrahi\PycharmProjects\PRO\books\Oliver Wendell Holmes\Oliver+Wendell+Holmes-2666-2666.Txt,78,Oliver Wendell Holmes
448,C:\Users\nivmizrahi\PycharmProjects\PRO\books\Oliver Wendell Holmes\Oliver+Wendell+Holmes-2689-2689.Txt,78,Oliver Wendell Holmes
449,C:\Users\nivmizrahi\PycharmProjects\PRO\books\Oliver Wendell Holmes\Oliver+Wendell+Holmes-2696-2696.Txt,78,Oliver Wendell Holmes
450,C:\Users\nivmizrahi\PycharmProjects\PRO\books\P G Wodehouse\P+G+Wodehouse-10554-10554-8.Txt,79,P G Wodehouse
451,C:\Users\nivmizrahi\PycharmProjects\PRO\books\P G Wodehouse\P+G+Wodehouse-2005-Pccjm11.Txt,79,P G Wodehouse
452,C:\Users\nivmizrahi\PycharmProjects\PRO\books\P G Wodehouse\P+G+Wodehouse-20533-20533-8.Txt,79,P G Wodehouse
453,C:\Users\nivmizrahi\PycharmProjects\PRO\books\P G Wodehouse\P+G+Wodehouse-20717-20717-8.Txt,79,P G Wodehouse
454,C:\Users\nivmizrahi\PycharmProjects\PRO\books\P G Wodehouse\P+G+Wodehouse-2233-Dmsnd11.Txt,79,P G Wodehouse
455,C:\Users\nivmizrahi\PycharmProjects\PRO\books\P G Wodehouse\P+G+Wodehouse-3756-3756.Txt,79,P G Wodehouse
456,C:\Users\nivmizrahi\PycharmProjects\PRO\books\R Austin Freeman\R+Austin+Freeman-11128-11128.Txt,80,R Austin Freeman
457,C:\Users\nivmizrahi\PycharmProjects\PRO\books\R Austin Freeman\R+Austin+Freeman-12187-12187.Txt,80,R Austin Freeman
458,C:\Users\nivmizrahi\PycharmProjects\PRO\books\R Austin Freeman\R+Austin+Freeman-13882-13882-8.Txt,80,R Austin Freeman
459,C:\Users\nivmizrahi\PycharmProjects\PRO\books\R M Ballantyne\R+M+Ballantyne-13290-13290.Txt,81,R M Ballantyne
460,C:\Users\nivmizrahi\PycharmProjects\PRO\books\R M Ballantyne\R+M+Ballantyne-21692-21692.Txt,81,R M Ballantyne
461,C:\Users\nivmizrahi\PycharmProjects\PRO\books\R M Ballantyne\R+M+Ballantyne-21698-21698.Txt,81,R M Ballantyne
462,C:\Users\nivmizrahi\PycharmProjects\PRO\books\R M Ballantyne\R+M+Ballantyne-21705-21705.Txt,81,R M Ballantyne
463,C:\Users\nivmizrahi\PycharmProjects\PRO\books\R M Ballantyne\R+M+Ballantyne-21706-21706.Txt,81,R M Ballantyne
464,C:\Users\nivmizrahi\PycharmProjects\PRO\books\R M Ballantyne\R+M+Ballantyne-21707-21707.Txt,81,R M Ballantyne
465,C:\Users\nivmizrahi\PycharmProjects\PRO\books\R M Ballantyne\R+M+Ballantyne-21713-21713.Txt,81,R M Ballantyne
466,C:\Users\nivmizrahi\PycharmProjects\PRO\books\R M Ballantyne\R+M+Ballantyne-21716-21716.Txt,81,R M Ballantyne
467,C:\Users\nivmizrahi\PycharmProjects\PRO\books\R M Ballantyne\R+M+Ballantyne-21718-21718.Txt,81,R M Ballantyne
468,C:\Users\nivmizrahi\PycharmProjects\PRO\books\R M Ballantyne\R+M+Ballantyne-21720-21720.Txt,81,R M Ballantyne
469,C:\Users\nivmizrahi\PycharmProjects\PRO\books\R M Ballantyne\R+M+Ballantyne-21726-21726.Txt,81,R M Ballantyne
470,C:\Users\nivmizrahi\PycharmProjects\PRO\books\R M Ballantyne\R+M+Ballantyne-21729-21729.Txt,81,R M Ballantyne
471,C:\Users\nivmizrahi\PycharmProjects\PRO\books\R M Ballantyne\R+M+Ballantyne-21730-21730.Txt,81,R M Ballantyne
472,C:\Users\nivmizrahi\PycharmProjects\PRO\books\R M Ballantyne\R+M+Ballantyne-21735-21735.Txt,81,R M Ballantyne
473,C:\Users\nivmizrahi\PycharmProjects\PRO\books\R M Ballantyne\R+M+Ballantyne-21736-21736.Txt,81,R M Ballantyne
474,C:\Users\nivmizrahi\PycharmProjects\PRO\books\R M Ballantyne\R+M+Ballantyne-21753-21753.Txt,81,R M Ballantyne
475,C:\Users\nivmizrahi\PycharmProjects\PRO\books\R M Ballantyne\R+M+Ballantyne-21757-21757-8.Txt,81,R M Ballantyne
476,C:\Users\nivmizrahi\PycharmProjects\PRO\books\R M Ballantyne\R+M+Ballantyne-23373-23373.Txt,81,R M Ballantyne
477,C:\Users\nivmizrahi\PycharmProjects\PRO\books\R M Ballantyne\R+M+Ballantyne-23380-23380.Txt,81,R M Ballantyne
478,C:\Users\nivmizrahi\PycharmProjects\PRO\books\R M Ballantyne\R+M+Ballantyne-23505-23505.Txt,81,R M Ballantyne
479,C:\Users\nivmizrahi\PycharmProjects\PRO\books\R M Ballantyne\R+M+Ballantyne-24617-24617.Txt,81,R M Ballantyne
480,C:\Users\nivmizrahi\PycharmProjects\PRO\books\Rafael Sabatini\Rafael+Sabatini-1457-1457.Txt,82,Rafael Sabatini
481,C:\Users\nivmizrahi\PycharmProjects\PRO\books\Rafael Sabatini\Rafael+Sabatini-1947-1947-8.Txt,82,Rafael Sabatini
482,C:\Users\nivmizrahi\PycharmProjects\PRO\books\Rafael Sabatini\Rafael+Sabatini-1965-1965.Txt,82,Rafael Sabatini
483,C:\Users\nivmizrahi\PycharmProjects\PRO\books\Rafael Sabatini\Rafael+Sabatini-2389-2389.Txt,82,Rafael Sabatini
484,C:\Users\nivmizrahi\PycharmProjects\PRO\books\Rafael Sabatini\Rafael+Sabatini-2636-2636.Txt,82,Rafael Sabatini
485,C:\Users\nivmizrahi\PycharmProjects\PRO\books\Rafael Sabatini\Rafael+Sabatini-2783-2783.Txt,82,Rafael Sabatini
486,C:\Users\nivmizrahi\PycharmProjects\PRO\books\Rafael Sabatini\Rafael+Sabatini-3030-3030.Txt,82,Rafael Sabatini
487,C:\Users\nivmizrahi\PycharmProjects\PRO\books\Rafael Sabatini\Rafael+Sabatini-3294-3294-8.Txt,82,Rafael Sabatini
488,C:\Users\nivmizrahi\PycharmProjects\PRO\books\Rafael Sabatini\Rafael+Sabatini-3423-3423.Txt,82,Rafael Sabatini
489,C:\Users\nivmizrahi\PycharmProjects\PRO\books\Rafael Sabatini\Rafael+Sabatini-3467-3467-8.Txt,82,Rafael Sabatini
490,C:\Users\nivmizrahi\PycharmProjects\PRO\books\Rafael Sabatini\Rafael+Sabatini-3530-3530-8.Txt,82,Rafael Sabatini
491,C:\Users\nivmizrahi\PycharmProjects\PRO\books\Rex Ellingwood Beach\Rex+Ellingwood+Beach-11501-11501.Txt,83,Rex Ellingwood Beach
492,C:\Users\nivmizrahi\PycharmProjects\PRO\books\Rex Ellingwood Beach\Rex+Ellingwood+Beach-5099-5099-8.Txt,83,Rex Ellingwood Beach
493,C:\Users\nivmizrahi\PycharmProjects\PRO\books\Rex Ellingwood Beach\Rex+Ellingwood+Beach-5405-Nrdwl10.Txt,83,Rex Ellingwood Beach
494,C:\Users\nivmizrahi\PycharmProjects\PRO\books\Rex Ellingwood Beach\Rex+Ellingwood+Beach-6017-Thslv10.Txt,83,Rex Ellingwood Beach
495,C:\Users\nivmizrahi\PycharmProjects\PRO\books\Robert Hugh Benson\Robert+Hugh+Benson-14275-14275-8.Txt,84,Robert Hugh Benson
496,C:\Users\nivmizrahi\PycharmProjects\PRO\books\Robert Hugh Benson\Robert+Hugh+Benson-15992-15992-8.Txt,84,Robert Hugh Benson
497,C:\Users\nivmizrahi\PycharmProjects\PRO\books\Robert Hugh Benson\Robert+Hugh+Benson-16288-16288-8.Txt,84,Robert Hugh Benson
498,C:\Users\nivmizrahi\PycharmProjects\PRO\books\Robert Hugh Benson\Robert+Hugh+Benson-19697-19697-8.Txt,84,Robert Hugh Benson
499,C:\Users\nivmizrahi\PycharmProjects\PRO\books\Robert Louis Stevenson\Robert+Louis+Stevenson-14133-14133-8.Txt,85,Robert Louis Stevenson
500,C:\Users\nivmizrahi\PycharmProjects\PRO\books\Robert Louis Stevenson\Robert+Louis+Stevenson-27780-27780-8.Txt,85,Robert Louis Stevenson
501,C:\Users\nivmizrahi\PycharmProjects\PRO\books\Robert Louis Stevenson\Robert+Louis+Stevenson-30700-30700-8.Txt,85,Robert Louis Stevenson
502,C:\Users\nivmizrahi\PycharmProjects\PRO\books\Robert Louis Stevenson\Robert+Louis+Stevenson-30807-30807-8.Txt,85,Robert Louis Stevenson
503,C:\Users\nivmizrahi\PycharmProjects\PRO\books\Robert W Chambers\Robert+W+Chambers-14852-14852-8.Txt,86,Robert W Chambers
504,C:\Users\nivmizrahi\PycharmProjects\PRO\books\Robert W Chambers\Robert+W+Chambers-24306-24306.Txt,86,Robert W Chambers
505,C:\Users\nivmizrahi\PycharmProjects\PRO\books\Robert W Chambers\Robert+W+Chambers-28295-28295-8.Txt,86,Robert W Chambers
506,C:\Users\nivmizrahi\PycharmProjects\PRO\books\Sax Rohmer\Sax+Rohmer-1159-1159.Txt,87,Sax Rohmer
507,C:\Users\nivmizrahi\PycharmProjects\PRO\books\Sax Rohmer\Sax+Rohmer-1183-1183.Txt,87,Sax Rohmer
508,C:\Users\nivmizrahi\PycharmProjects\PRO\books\Sax Rohmer\Sax+Rohmer-17959-17959-8.Txt,87,Sax Rohmer
509,C:\Users\nivmizrahi\PycharmProjects\PRO\books\Sax Rohmer\Sax+Rohmer-18613-18613.Txt,87,Sax Rohmer
510,C:\Users\nivmizrahi\PycharmProjects\PRO\books\Sax Rohmer\Sax+Rohmer-19706-19706-8.Txt,87,Sax Rohmer
511,C:\Users\nivmizrahi\PycharmProjects\PRO\books\Sax Rohmer\Sax+Rohmer-2028-2028.Txt,87,Sax Rohmer
512,C:\Users\nivmizrahi\PycharmProjects\PRO\books\Sax Rohmer\Sax+Rohmer-21879-21879-8.Txt,87,Sax Rohmer
513,C:\Users\nivmizrahi\PycharmProjects\PRO\books\Sax Rohmer\Sax+Rohmer-5697-5697.Txt,87,Sax Rohmer
514,C:\Users\nivmizrahi\PycharmProjects\PRO\books\Sewell Ford\Sewell+Ford-20627-20627-8.Txt,88,Sewell Ford
515,C:\Users\nivmizrahi\PycharmProjects\PRO\books\Sewell Ford\Sewell+Ford-20628-20628-8.Txt,88,Sewell Ford
516,C:\Users\nivmizrahi\PycharmProjects\PRO\books\Sewell Ford\Sewell+Ford-20629-20629.Txt,88,Sewell Ford
517,C:\Users\nivmizrahi\PycharmProjects\PRO\books\Stanley John Weyman\Stanley+John+Weyman-11918-11918.Txt,89,Stanley John Weyman
518,C:\Users\nivmizrahi\PycharmProjects\PRO\books\Stanley John Weyman\Stanley+John+Weyman-15763-15763.Txt,89,Stanley John Weyman
519,C:\Users\nivmizrahi\PycharmProjects\PRO\books\Stanley John Weyman\Stanley+John+Weyman-22334-22334-8.Txt,89,Stanley John Weyman
520,C:\Users\nivmizrahi\PycharmProjects\PRO\books\Susan Warner\Susan+Warner-18689-18689-8.Txt,90,Susan Warner
521,C:\Users\nivmizrahi\PycharmProjects\PRO\books\Susan Warner\Susan+Warner-23584-23584-8.Txt,90,Susan Warner
522,C:\Users\nivmizrahi\PycharmProjects\PRO\books\Susan Warner\Susan+Warner-28376-28376-8.Txt,90,Susan Warner
523,C:\Users\nivmizrahi\PycharmProjects\PRO\books\Theodor Mommsen\Theodor+Mommsen-10702-10702.Txt,91,Theodor Mommsen
524,C:\Users\nivmizrahi\PycharmProjects\PRO\books\Theodor Mommsen\Theodor+Mommsen-10703-10703.Txt,91,Theodor Mommsen
525,C:\Users\nivmizrahi\PycharmProjects\PRO\books\Theodor Mommsen\Theodor+Mommsen-10704-10704.Txt,91,Theodor Mommsen
526,C:\Users\nivmizrahi\PycharmProjects\PRO\books\Theodor Mommsen\Theodor+Mommsen-10705-10705.Txt,91,Theodor Mommsen
527,C:\Users\nivmizrahi\PycharmProjects\PRO\books\Theodore Dreiser\Theodore+Dreiser-1840-1840.Txt,92,Theodore Dreiser
528,C:\Users\nivmizrahi\PycharmProjects\PRO\books\Theodore Dreiser\Theodore+Dreiser-28988-28988.Txt,92,Theodore Dreiser
529,C:\Users\nivmizrahi\PycharmProjects\PRO\books\Theodore Dreiser\Theodore+Dreiser-5267-Scarr10A.Txt,92,Theodore Dreiser
530,C:\Users\nivmizrahi\PycharmProjects\PRO\books\Theodore Roosevelt\Theodore+Roosevelt-11746-11746-8.Txt,93,Theodore Roosevelt
531,C:\Users\nivmizrahi\PycharmProjects\PRO\books\Theodore Roosevelt\Theodore+Roosevelt-11942-11942.Txt,93,Theodore Roosevelt
532,C:\Users\nivmizrahi\PycharmProjects\PRO\books\Theodore Roosevelt\Theodore+Roosevelt-11943-11943.Txt,93,Theodore Roosevelt
533,C:\Users\nivmizrahi\PycharmProjects\PRO\books\Theodore Roosevelt\Theodore+Roosevelt-11944-11944.Txt,93,Theodore Roosevelt
534,C:\Users\nivmizrahi\PycharmProjects\PRO\books\Theodore Roosevelt\Theodore+Roosevelt-13000-13000.Txt,93,Theodore Roosevelt
535,C:\Users\nivmizrahi\PycharmProjects\PRO\books\Theodore Roosevelt\Theodore+Roosevelt-5032-Suroo11.Txt,93,Theodore Roosevelt
536,C:\Users\nivmizrahi\PycharmProjects\PRO\books\Thomas Bulfinch\Thomas+Bulfinch-4925-Thgff10.Txt,94,Thomas Bulfinch
537,C:\Users\nivmizrahi\PycharmProjects\PRO\books\Thomas Bulfinch\Thomas+Bulfinch-4926-Thgfc10.Txt,94,Thomas Bulfinch
538,C:\Users\nivmizrahi\PycharmProjects\PRO\books\Thomas Bulfinch\Thomas+Bulfinch-4927-Lgnds10.Txt,94,Thomas Bulfinch
539,C:\Users\nivmizrahi\PycharmProjects\PRO\books\Thomas Bulfinch\Thomas+Bulfinch-4928-Bllfn10.Txt,94,Thomas Bulfinch
540,C:\Users\nivmizrahi\PycharmProjects\PRO\books\Thomas De Quincey\Thomas+De+Quincey-10708-10708-10708-8.Txt,95,Thomas De Quincey
541,C:\Users\nivmizrahi\PycharmProjects\PRO\books\Thomas De Quincey\Thomas+De+Quincey-18862-18862-8.Txt,95,Thomas De Quincey
542,C:\Users\nivmizrahi\PycharmProjects\PRO\books\Thomas De Quincey\Thomas+De+Quincey-23788-23788-8.Txt,95,Thomas De Quincey
543,C:\Users\nivmizrahi\PycharmProjects\PRO\books\Upton Sinclair\Upton+Sinclair-1558-Prfrl10.Txt,96,Upton Sinclair
544,C:\Users\nivmizrahi\PycharmProjects\PRO\books\Upton Sinclair\Upton+Sinclair-4923-8Mida10.Txt,96,Upton Sinclair
545,C:\Users\nivmizrahi\PycharmProjects\PRO\books\Upton Sinclair\Upton+Sinclair-5677-Jmhgg10.Txt,96,Upton Sinclair
546,C:\Users\nivmizrahi\PycharmProjects\PRO\books\Upton Sinclair\Upton+Sinclair-5776-Strpt10.Txt,96,Upton Sinclair
547,C:\Users\nivmizrahi\PycharmProjects\PRO\books\Victor Hugo\Victor+Hugo-12137-12137-8.Txt,97,Victor Hugo
548,C:\Users\nivmizrahi\PycharmProjects\PRO\books\Victor Hugo\Victor+Hugo-12587-12587-8.Txt,97,Victor Hugo
549,C:\Users\nivmizrahi\PycharmProjects\PRO\books\Victor Hugo\Victor+Hugo-2523-2523-8.Txt,97,Victor Hugo
550,C:\Users\nivmizrahi\PycharmProjects\PRO\books\Walter Scott\Walter+Scott-12742-12742-8.Txt,98,Walter Scott
551,C:\Users\nivmizrahi\PycharmProjects\PRO\books\Walter Scott\Walter+Scott-14860-14860-8.Txt,98,Walter Scott
552,C:\Users\nivmizrahi\PycharmProjects\PRO\books\Walter Scott\Walter+Scott-20749-20749-8.Txt,98,Walter Scott
553,C:\Users\nivmizrahi\PycharmProjects\PRO\books\Walter Scott\Walter+Scott-2590-Guymn10.Txt,98,Walter Scott
554,C:\Users\nivmizrahi\PycharmProjects\PRO\books\Walter Scott\Walter+Scott-4964-Wvrl110A.Txt,98,Walter Scott
555,C:\Users\nivmizrahi\PycharmProjects\PRO\books\Walter Scott\Walter+Scott-4966-Wvrly10A.Txt,98,Walter Scott
556,C:\Users\nivmizrahi\PycharmProjects\PRO\books\Walter Scott\Walter+Scott-5077-Marmn10A.Txt,98,Walter Scott
557,C:\Users\nivmizrahi\PycharmProjects\PRO\books\Walter Scott\Walter+Scott-5355-Gmnng10.Txt,98,Walter Scott
558,C:\Users\nivmizrahi\PycharmProjects\PRO\books\Walter Scott\Walter+Scott-5950-Frtnl10.Txt,98,Walter Scott
559,C:\Users\nivmizrahi\PycharmProjects\PRO\books\Washington Irving\Washington+Irving-13042-13042-8.Txt,99,Washington Irving
560,C:\Users\nivmizrahi\PycharmProjects\PRO\books\Washington Irving\Washington+Irving-13514-13514-8.Txt,99,Washington Irving
561,C:\Users\nivmizrahi\PycharmProjects\PRO\books\Washington Irving\Washington+Irving-2048-Sbogc10.Txt,99,Washington Irving
562,C:\Users\nivmizrahi\PycharmProjects\PRO\books\Wilkie Collins\Wilkie+Collins-1438-1438.Txt,100,Wilkie Collins
563,C:\Users\nivmizrahi\PycharmProjects\PRO\books\Wilkie Collins\Wilkie+Collins-1587-1587.Txt,100,Wilkie Collins
564,C:\Users\nivmizrahi\PycharmProjects\PRO\books\Wilkie Collins\Wilkie+Collins-1622-1622-8.Txt,100,Wilkie Collins
565,C:\Users\nivmizrahi\PycharmProjects\PRO\books\Wilkie Collins\Wilkie+Collins-1623-1623.Txt,100,Wilkie Collins
566,C:\Users\nivmizrahi\PycharmProjects\PRO\books\Wilkie Collins\Wilkie+Collins-1624-1624.Txt,100,Wilkie Collins
567,C:\Users\nivmizrahi\PycharmProjects\PRO\books\Wilkie Collins\Wilkie+Collins-1627-1627.Txt,100,Wilkie Collins
568,C:\Users\nivmizrahi\PycharmProjects\PRO\books\Wilkie Collins\Wilkie+Collins-1895-1895.Txt,100,Wilkie Collins
569,C:\Users\nivmizrahi\PycharmProjects\PRO\books\Wilkie Collins\Wilkie+Collins-1917-1917.Txt,100,Wilkie Collins
570,C:\Users\nivmizrahi\PycharmProjects\PRO\books\Wilkie Collins\Wilkie+Collins-1975-1975.Txt,100,Wilkie Collins
571,C:\Users\nivmizrahi\PycharmProjects\PRO\books\Wilkie Collins\Wilkie+Collins-28367-28367-8.Txt,100,Wilkie Collins
572,C:\Users\nivmizrahi\PycharmProjects\PRO\books\Wilkie Collins\Wilkie+Collins-3632-3632-8.Txt,100,Wilkie Collins
573,C:\Users\nivmizrahi\PycharmProjects\PRO\books\William Carleton\William+Carleton-16009-16009.Txt,101,William Carleton
574,C:\Users\nivmizrahi\PycharmProjects\PRO\books\William Carleton\William+Carleton-16012-16012.Txt,101,William Carleton
575,C:\Users\nivmizrahi\PycharmProjects\PRO\books\William Carleton\William+Carleton-16019-16019.Txt,101,William Carleton
576,C:\Users\nivmizrahi\PycharmProjects\PRO\books\William Harrison Ainsworth\William+Harrison+Ainsworth-15493-15493-8.Txt,102,William Harrison Ainsworth
577,C:\Users\nivmizrahi\PycharmProjects\PRO\books\William Harrison Ainsworth\William+Harrison+Ainsworth-16215-16215-8.Txt,102,William Harrison Ainsworth
578,C:\Users\nivmizrahi\PycharmProjects\PRO\books\William Harrison Ainsworth\William+Harrison+Ainsworth-23564-23564-8.Txt,102,William Harrison Ainsworth
579,C:\Users\nivmizrahi\PycharmProjects\PRO\books\William Harrison Ainsworth\William+Harrison+Ainsworth-2866-2866.Txt,102,William Harrison Ainsworth
580,C:\Users\nivmizrahi\PycharmProjects\PRO\books\William Makepeace Thackeray\William+Makepeace+Thackeray-1863-Crhcr10.Txt,103,William Makepeace Thackeray
581,C:\Users\nivmizrahi\PycharmProjects\PRO\books\William Makepeace Thackeray\William+Makepeace+Thackeray-2675-2675.Txt,103,William Makepeace Thackeray
582,C:\Users\nivmizrahi\PycharmProjects\PRO\books\William Makepeace Thackeray\William+Makepeace+Thackeray-2686-2686-8.Txt,103,William Makepeace Thackeray
583,C:\Users\nivmizrahi\PycharmProjects\PRO\books\William Makepeace Thackeray\William+Makepeace+Thackeray-2768-2768-8.Txt,103,William Makepeace Thackeray
584,C:\Users\nivmizrahi\PycharmProjects\PRO\books\William Makepeace Thackeray\William+Makepeace+Thackeray-29363-29363-8.Txt,103,William Makepeace Thackeray
585,C:\Users\nivmizrahi\PycharmProjects\PRO\books\William Makepeace Thackeray\William+Makepeace+Thackeray-4558-4558.Txt,103,William Makepeace Thackeray
586,C:\Users\nivmizrahi\PycharmProjects\PRO\books\Winston Churchill\Winston+Churchill-3649-3649.Txt,104,Winston Churchill
587,C:\Users\nivmizrahi\PycharmProjects\PRO\books\Winston Churchill\Winston+Churchill-3766-3766.Txt,104,Winston Churchill
588,C:\Users\nivmizrahi\PycharmProjects\PRO\books\Winston Churchill\Winston+Churchill-4943-4943-8.Txt,104,Winston Churchill
589,C:\Users\nivmizrahi\PycharmProjects\PRO\books\Winston Churchill\Winston+Churchill-5364-5364.Txt,104,Winston Churchill
590,C:\Users\nivmizrahi\PycharmProjects\PRO\books\Winston Churchill\Winston+Churchill-5373-5373.Txt,104,Winston Churchill
591,C:\Users\nivmizrahi\PycharmProjects\PRO\books\Zane Grey\Zane+Grey-10201-10201-10201.Txt,105,Zane Grey
592,C:\Users\nivmizrahi\PycharmProjects\PRO\books\Zane Grey\Zane+Grey-1095-1095.Txt,105,Zane Grey
593,C:\Users\nivmizrahi\PycharmProjects\PRO\books\Zane Grey\Zane+Grey-1239-1239.Txt,105,Zane Grey
594,C:\Users\nivmizrahi\PycharmProjects\PRO\books\Zane Grey\Zane+Grey-1262-1262.Txt,105,Zane Grey
595,C:\Users\nivmizrahi\PycharmProjects\PRO\books\Zane Grey\Zane+Grey-1300-1300.Txt,105,Zane Grey
596,C:\Users\nivmizrahi\PycharmProjects\PRO\books\Zane Grey\Zane+Grey-13937-13937-8.Txt,105,Zane Grey
597,C:\Users\nivmizrahi\PycharmProjects\PRO\books\Zane Grey\Zane+Grey-15580-15580.Txt,105,Zane Grey
598,C:\Users\nivmizrahi\PycharmProjects\PRO\books\Zane Grey\Zane+Grey-15673-15673.Txt,105,Zane Grey
599,C:\Users\nivmizrahi\PycharmProjects\PRO\books\Zane Grey\Zane+Grey-2057-2057.Txt,105,Zane Grey
600,C:\Users\nivmizrahi\PycharmProjects\PRO\books\Zane Grey\Zane+Grey-2066-2066.Txt,105,Zane Grey
601,C:\Users\nivmizrahi\PycharmProjects\PRO\books\Zane Grey\Zane+Grey-2070-2070.Txt,105,Zane Grey
602,C:\Users\nivmizrahi\PycharmProjects\PRO\books\Zane Grey\Zane+Grey-29080-29080-8.Txt,105,Zane Grey
603,C:\Users\nivmizrahi\PycharmProjects\PRO\books\Zane Grey\Zane+Grey-3457-3457.Txt,105,Zane Grey
604,C:\Users\nivmizrahi\PycharmProjects\PRO\books\Zane Grey\Zane+Grey-4552-Thbrd10.Txt,105,Zane Grey
605,C:\Users\nivmizrahi\PycharmProjects\PRO\books\Zane Grey\Zane+Grey-4684-Uptrl10.Txt,105,Zane Grey
606,C:\Users\nivmizrahi\PycharmProjects\PRO\books\Zane Grey\Zane+Grey-5067-5067.Txt,105,Zane Grey
